Words, Inverted Index ,,,,,,,,,,,,,,,,,,,,,,,,,
one,1,2,13,14,15,16,19,22,23,24,25,26,29,30,31,32,33,36,38,45,48,,,,,
wish,32,1,4,16,50,,,,,,,,,,,,,,,,,,,,,
dark,1,3,7,8,48,,,,,,,,,,,,,,,,,,,,,
tree,1,2,3,5,6,10,12,16,18,20,26,27,29,32,33,38,40,42,43,48,49,50,,,,
old,1,2,34,38,13,14,47,50,23,,,,,,,,,,,,,,,,,
firm,1,,,,,,,,,,,,,,,,,,,,,,,,,
scar,1,12,,,,,,,,,,,,,,,,,,,,,,,,
show,32,1,,,,,,,,,,,,,,,,,,,,,,,,
breeze,1,8,18,20,30,,,,,,,,,,,,,,,,,,,,,
were,1,,,,,,,,,,,,,,,,,,,,,,,,,
mere,1,25,,,,,,,,,,,,,,,,,,,,,,,,
mask,1,,,,,,,,,,,,,,,,,,,,,,,,,
gloom,1,39,11,13,15,,,,,,,,,,,,,,,,,,,,,
stretch,1,,,,,,,,,,,,,,,,,,,,,,,,,
away,1,2,3,7,8,10,11,15,16,21,22,23,25,28,29,32,34,35,46,47,49,50,,,,
unto,1,15,,,,,,,,,,,,,,,,,,,,,,,,
edge,16,1,,,,,,,,,,,,,,,,,,,,,,,,
doom,1,,,,,,,,,,,,,,,,,,,,,,,,,
withhold,1,,,,,,,,,,,,,,,,,,,,,,,,,
day,1,34,3,36,35,38,7,39,10,11,43,16,50,23,24,25,28,29,30,,,,,,,
vast,1,,,,,,,,,,,,,,,,,,,,,,,,,
steal,1,,,,,,,,,,,,,,,,,,,,,,,,,
fearless,1,,,,,,,,,,,,,,,,,,,,,,,,,
ever,1,2,34,43,13,22,23,31,,,,,,,,,,,,,,,,,,
find,1,35,37,39,8,9,44,14,20,21,22,23,24,25,30,,,,,,,,,,,
open,1,4,42,13,22,,,,,,,,,,,,,,,,,,,,,
land,1,23,25,28,29,30,,,,,,,,,,,,,,,,,,,,
highway,1,38,31,,,,,,,,,,,,,,,,,,,,,,,
slow,1,2,29,41,,,,,,,,,,,,,,,,,,,,,,
wheel,1,44,,,,,,,,,,,,,,,,,,,,,,,,
pour,1,,,,,,,,,,,,,,,,,,,,,,,,,
sand,1,39,,,,,,,,,,,,,,,,,,,,,,,,
see,1,3,4,37,36,39,40,43,47,16,18,23,25,26,27,30,,,,,,,,,,
who,1,3,15,50,19,,,,,,,,,,,,,,,,,,,,,
e,1,,,,,,,,,,,,,,,,,,,,,,,,,
er,1,2,6,9,22,30,,,,,,,,,,,,,,,,,,,,
turn,1,4,36,9,13,18,22,,,,,,,,,,,,,,,,,,,
back,1,2,33,39,45,14,15,28,,,,,,,,,,,,,,,,,,
set,1,49,18,50,22,,,,,,,,,,,,,,,,,,,,,
forth,1,4,5,50,22,23,24,28,,,,,,,,,,,,,,,,,,
upon,1,33,37,8,43,14,22,30,,,,,,,,,,,,,,,,,,
track,1,,,,,,,,,,,,,,,,,,,,,,,,,
overtake,1,,,,,,,,,,,,,,,,,,,,,,,,,
miss,1,12,,,,,,,,,,,,,,,,,,,,,,,,
long,1,37,11,15,16,19,23,24,27,30,,,,,,,,,,,,,,,,
know,1,2,3,4,8,11,13,15,18,19,20,25,26,29,30,32,33,38,43,47,50,,,,,
still,1,33,35,7,41,10,12,44,47,16,18,20,22,24,31,,,,,,,,,,,
hold,32,1,35,14,49,22,23,,,,,,,,,,,,,,,,,,,
dear,1,,,,,,,,,,,,,,,,,,,,,,,,,
would,32,1,38,14,47,16,19,22,,,,,,,,,,,,,,,,,,
change,1,25,,,,,,,,,,,,,,,,,,,,,,,,
only,1,8,10,42,14,15,47,48,23,30,,,,,,,,,,,,,,,,
sure,1,47,23,,,,,,,,,,,,,,,,,,,,,,,
think,32,1,3,4,35,39,10,42,30,,,,,,,,,,,,,,,,,
wa,1,4,8,12,15,16,19,20,23,24,25,26,30,31,32,33,34,35,36,43,47,48,,,,
true,16,1,26,,,,,,,,,,,,,,,,,,,,,,,
dwell,1,2,50,15,,,,,,,,,,,,,,,,,,,,,,
lone,1,15,46,31,,,,,,,,,,,,,,,,,,,,,,
house,32,1,33,4,13,45,46,20,,,,,,,,,,,,,,,,,,
vanish,1,2,28,,,,,,,,,,,,,,,,,,,,,,,
man,32,1,2,33,4,43,12,14,18,23,24,26,31,,,,,,,,,,,,,
summer,1,2,36,38,13,24,,,,,,,,,,,,,,,,,,,,
ago,24,1,37,30,,,,,,,,,,,,,,,,,,,,,,
leave,1,4,9,11,12,13,16,17,19,20,23,24,26,28,29,30,31,32,37,38,39,40,42,43,46,
trace,1,39,,,,,,,,,,,,,,,,,,,,,,,,
cellar,1,2,33,,,,,,,,,,,,,,,,,,,,,,,
wall,1,33,36,5,39,9,41,42,25,29,31,,,,,,,,,,,,,,,
daylight,1,,,,,,,,,,,,,,,,,,,,,,,,,
fall,1,38,40,44,13,20,22,24,29,,,,,,,,,,,,,,,,,
purple,1,,,,,,,,,,,,,,,,,,,,,,,,,
stem,1,,,,,,,,,,,,,,,,,,,,,,,,,
wild,1,49,25,28,29,30,,,,,,,,,,,,,,,,,,,,
raspberri,1,,,,,,,,,,,,,,,,,,,,,,,,,
grow,1,2,7,15,50,,,,,,,,,,,,,,,,,,,,,
ruin,1,,,,,,,,,,,,,,,,,,,,,,,,,
fence,1,,,,,,,,,,,,,,,,,,,,,,,,,
grape,1,29,,,,,,,,,,,,,,,,,,,,,,,,
vine,1,,,,,,,,,,,,,,,,,,,,,,,,,
shield,1,,,,,,,,,,,,,,,,,,,,,,,,,
wood,32,1,2,38,13,47,16,19,20,24,25,26,28,31,,,,,,,,,,,,
come,1,2,3,4,5,7,8,9,13,15,16,22,23,24,25,28,31,32,35,36,37,38,40,45,47,49
now,1,12,5,,,,,,,,,,,,,,,,,,,,,,,
field,1,5,14,20,22,27,30,31,,,,,,,,,,,,,,,,,,
orchard,1,10,,,,,,,,,,,,,,,,,,,,,,,,
ha,1,2,33,38,39,42,15,22,23,26,,,,,,,,,,,,,,,,
cop,1,,,,,,,,,,,,,,,,,,,,,,,,,
new,1,20,25,,,,,,,,,,,,,,,,,,,,,,,
woodcock,1,,,,,,,,,,,,,,,,,,,,,,,,,
chop,1,22,,,,,,,,,,,,,,,,,,,,,,,,
footpaths,1,,,,,,,,,,,,,,,,,,,,,,,,,
well,1,35,40,15,18,19,20,21,25,26,,,,,,,,,,,,,,,,
heal,1,,,,,,,,,,,,,,,,,,,,,,,,,
strange,1,43,4,30,,,,,,,,,,,,,,,,,,,,,,
each,1,31,,,,,,,,,,,,,,,,,,,,,,,,
heart,1,4,7,21,22,23,25,29,31,,,,,,,,,,,,,,,,,
abode,1,,,,,,,,,,,,,,,,,,,,,,,,,
far,1,2,35,37,5,7,39,10,46,47,16,18,22,23,25,26,28,29,30,,,,,,,
apart,1,21,,,,,,,,,,,,,,,,,,,,,,,,
disuse,1,,,,,,,,,,,,,,,,,,,,,,,,,
forget,1,34,8,12,26,,,,,,,,,,,,,,,,,,,,,
road,1,4,7,41,43,47,28,,,,,,,,,,,,,,,,,,,
dust,1,36,38,11,30,,,,,,,,,,,,,,,,,,,,,
bath,1,9,,,,,,,,,,,,,,,,,,,,,,,,
told,1,,,,,,,,,,,,,,,,,,,,,,,,,
night,1,33,4,39,8,9,10,40,14,15,46,,,,,,,,,,,,,,,
black,1,,,,,,,,,,,,,,,,,,,,,,,,,
bat,1,14,,,,,,,,,,,,,,,,,,,,,,,,
tumble,1,,,,,,,,,,,,,,,,,,,,,,,,,
dart,1,10,,,,,,,,,,,,,,,,,,,,,,,,
whippoorwil,1,,,,,,,,,,,,,,,,,,,,,,,,,
shout,1,37,41,49,22,,,,,,,,,,,,,,,,,,,,,
hush,1,13,49,20,22,27,29,,,,,,,,,,,,,,,,,,,
clock,1,,,,,,,,,,,,,,,,,,,,,,,,,
flutter,1,44,30,,,,,,,,,,,,,,,,,,,,,,,
hear,32,1,35,38,10,20,22,26,27,,,,,,,,,,,,,,,,,
begin,1,26,29,,,,,,,,,,,,,,,,,,,,,,,
enough,32,1,48,25,,,,,,,,,,,,,,,,,,,,,,
full,1,14,30,,,,,,,,,,,,,,,,,,,,,,,
time,32,1,36,41,46,24,25,28,,,,,,,,,,,,,,,,,,
say,32,1,2,35,38,39,8,43,13,45,15,16,48,50,21,23,28,30,,,,,,,,
hi,1,33,4,39,41,43,44,14,16,22,23,24,25,26,30,,,,,,,,,,,
before,1,3,36,12,44,15,48,23,26,28,,,,,,,,,,,,,,,,
arrive,1,,,,,,,,,,,,,,,,,,,,,,,,,
small,32,1,34,36,12,,,,,,,,,,,,,,,,,,,,,
dim,1,22,,,,,,,,,,,,,,,,,,,,,,,,
star,1,33,6,39,15,,,,,,,,,,,,,,,,,,,,,
mute,1,14,,,,,,,,,,,,,,,,,,,,,,,,
folk,1,2,,,,,,,,,,,,,,,,,,,,,,,,
share,1,,,,,,,,,,,,,,,,,,,,,,,,,
unit,8,1,,,,,,,,,,,,,,,,,,,,,,,,
place,32,1,6,12,14,15,50,20,21,23,,,,,,,,,,,,,,,,
stone,1,28,41,,,,,,,,,,,,,,,,,,,,,,,
low,16,1,32,7,,,,,,,,,,,,,,,,,,,,,,
limb,1,22,,,,,,,,,,,,,,,,,,,,,,,,
doubtless,1,39,,,,,,,,,,,,,,,,,,,,,,,,
bear,1,4,43,50,22,23,,,,,,,,,,,,,,,,,,,,
name,38,1,35,22,,,,,,,,,,,,,,,,,,,,,,
moss,1,25,,,,,,,,,,,,,,,,,,,,,,,,
may,32,1,2,35,4,12,46,47,48,19,23,29,,,,,,,,,,,,,,
tireless,48,1,,,,,,,,,,,,,,,,,,,,,,,,
sad,1,5,11,45,30,,,,,,,,,,,,,,,,,,,,,
though,1,12,16,20,22,26,,,,,,,,,,,,,,,,,,,,
two,1,4,36,7,13,48,17,24,30,,,,,,,,,,,,,,,,,
close,32,1,5,13,50,22,27,,,,,,,,,,,,,,,,,,,
keep,32,1,33,10,48,18,25,31,,,,,,,,,,,,,,,,,,
last,32,1,5,42,14,15,22,23,26,31,,,,,,,,,,,,,,,,
lad,1,,,,,,,,,,,,,,,,,,,,,,,,,
none,1,37,12,13,22,25,30,,,,,,,,,,,,,,,,,,,
among,1,26,14,,,,,,,,,,,,,,,,,,,,,,,
sing,1,38,45,22,27,28,,,,,,,,,,,,,,,,,,,,
yet,32,1,4,36,6,39,12,23,30,,,,,,,,,,,,,,,,,
view,1,36,22,31,,,,,,,,,,,,,,,,,,,,,,
thing,1,33,37,38,39,45,14,15,22,24,30,31,,,,,,,,,,,,,,
sweet,1,12,14,16,19,22,,,,,,,,,,,,,,,,,,,,
companion,1,,,,,,,,,,,,,,,,,,,,,,,,,
sorrow,24,1,,,,,,,,,,,,,,,,,,,,,,,,
autumn,1,4,20,,,,,,,,,,,,,,,,,,,,,,,
rain,1,34,28,9,,,,,,,,,,,,,,,,,,,,,,
beauty,1,3,22,39,,,,,,,,,,,,,,,,,,,,,,
love,1,3,4,37,6,39,8,40,10,19,23,28,30,31,,,,,,,,,,,,
bare,32,1,3,5,44,,,,,,,,,,,,,,,,,,,,,
either,1,37,42,14,30,31,,,,,,,,,,,,,,,,,,,,
walk,1,11,35,41,,,,,,,,,,,,,,,,,,,,,,
sodden,1,,,,,,,,,,,,,,,,,,,,,,,,,
pasteur,32,1,42,44,22,25,,,,,,,,,,,,,,,,,,,,
lane,1,,,,,,,,,,,,,,,,,,,,,,,,,
pleasure,1,10,30,,,,,,,,,,,,,,,,,,,,,,,
let,32,1,4,47,16,27,30,31,,,,,,,,,,,,,,,,,,
stay,1,39,50,20,26,,,,,,,,,,,,,,,,,,,,,
talk,1,35,36,41,50,,,,,,,,,,,,,,,,,,,,,
fain,1,23,15,,,,,,,,,,,,,,,,,,,,,,,
list,8,1,15,,,,,,,,,,,,,,,,,,,,,,,
glad,1,3,39,45,30,,,,,,,,,,,,,,,,,,,,,
bird,1,5,38,8,10,44,45,15,48,20,27,28,30,,,,,,,,,,,,,
go,1,5,7,9,11,13,15,20,22,23,24,26,28,29,31,32,36,37,38,40,41,42,46,47,49,50
simple,32,1,39,10,12,22,,,,,,,,,,,,,,,,,,,,
bad,32,1,,,,,,,,,,,,,,,,,,,,,,,,
gray,46,1,25,30,,,,,,,,,,,,,,,,,,,,,,
silver,1,4,20,44,,,,,,,,,,,,,,,,,,,,,,
ll,1,30,,,,,,,,,,,,,,,,,,,,,,,,
mist,1,37,15,29,30,,,,,,,,,,,,,,,,,,,,,
devil,1,36,,,,,,,,,,,,,,,,,,,,,,,,
desert,1,,,,,,,,,,,,,,,,,,,,,,,,,
fade,1,37,5,11,15,,,,,,,,,,,,,,,,,,,,,
earth,1,39,40,18,22,25,,,,,,,,,,,,,,,,,,,,
heavy,1,33,5,15,,,,,,,,,,,,,,,,,,,,,,
sky,1,42,4,49,,,,,,,,,,,,,,,,,,,,,,
truly,1,,,,,,,,,,,,,,,,,,,,,,,,,
eye,1,33,4,6,14,25,26,,,,,,,,,,,,,,,,,,,
vex,1,,,,,,,,,,,,,,,,,,,,,,,,,
reason,1,31,,,,,,,,,,,,,,,,,,,,,,,,
yesterday,1,,,,,,,,,,,,,,,,,,,,,,,,,
learn,1,46,,,,,,,,,,,,,,,,,,,,,,,,
november,1,,,,,,,,,,,,,,,,,,,,,,,,,
snow,32,1,34,33,37,6,7,8,9,39,22,24,28,30,31,,,,,,,,,,,
vain,1,28,23,,,,,,,,,,,,,,,,,,,,,,,
tell,32,1,35,43,46,15,16,21,25,,,,,,,,,,,,,,,,,
good,32,1,43,45,22,,,,,,,,,,,,,,,,,,,,,
pray,1,13,,,,,,,,,,,,,,,,,,,,,,,,
stranger,32,1,4,,,,,,,,,,,,,,,,,,,,,,,
door,1,33,9,13,46,50,20,,,,,,,,,,,,,,,,,,,
eve,1,20,,,,,,,,,,,,,,,,,,,,,,,,
speak,1,35,13,49,19,21,22,30,,,,,,,,,,,,,,,,,,
bridegroom,1,4,,,,,,,,,,,,,,,,,,,,,,,,
fair,24,1,20,30,,,,,,,,,,,,,,,,,,,,,,
green,1,19,,,,,,,,,,,,,,,,,,,,,,,,
white,1,6,40,9,10,18,50,22,,,,,,,,,,,,,,,,,,
stick,1,37,9,,,,,,,,,,,,,,,,,,,,,,,
hand,1,33,43,13,48,19,20,24,25,,,,,,,,,,,,,,,,,
burden,1,,,,,,,,,,,,,,,,,,,,,,,,,
care,1,45,13,22,26,,,,,,,,,,,,,,,,,,,,,
ask,32,1,4,13,15,,,,,,,,,,,,,,,,,,,,,
lip,1,,,,,,,,,,,,,,,,,,,,,,,,,
shelter,1,,,,,,,,,,,,,,,,,,,,,,,,,
look,32,1,33,4,8,41,43,16,17,18,20,25,31,,,,,,,,,,,,,
afar,1,21,14,49,,,,,,,,,,,,,,,,,,,,,,
without,32,1,36,6,19,20,22,,,,,,,,,,,,,,,,,,,
window,1,35,7,8,9,15,48,50,27,,,,,,,,,,,,,,,,,
light,1,33,8,14,15,46,21,22,26,,,,,,,,,,,,,,,,,
porch,1,,,,,,,,,,,,,,,,,,,,,,,,,
us,32,1,7,10,12,13,47,17,20,21,22,29,,,,,,,,,,,,,,
question,1,11,38,31,,,,,,,,,,,,,,,,,,,,,,
wooden,1,4,,,,,,,,,,,,,,,,,,,,,,,,
litter,1,13,,,,,,,,,,,,,,,,,,,,,,,,
yard,32,1,,,,,,,,,,,,,,,,,,,,,,,,
burri,1,,,,,,,,,,,,,,,,,,,,,,,,,
blue,1,5,43,18,25,,,,,,,,,,,,,,,,,,,,,
ye,40,1,,,,,,,,,,,,,,,,,,,,,,,,
winter,8,1,33,,,,,,,,,,,,,,,,,,,,,,,
wind,1,6,7,8,12,13,27,28,29,30,,,,,,,,,,,,,,,,
within,32,1,4,39,8,13,20,,,,,,,,,,,,,,,,,,,
bride,1,,,,,,,,,,,,,,,,,,,,,,,,,
dusk,1,,,,,,,,,,,,,,,,,,,,,,,,,
along,1,33,36,40,14,24,29,,,,,,,,,,,,,,,,,,,
bent,1,44,,,,,,,,,,,,,,,,,,,,,,,,
fire,1,46,7,,,,,,,,,,,,,,,,,,,,,,,
face,1,18,42,15,,,,,,,,,,,,,,,,,,,,,,
rise,1,28,13,14,,,,,,,,,,,,,,,,,,,,,,
red,1,,,,,,,,,,,,,,,,,,,,,,,,,
glow,1,11,,,,,,,,,,,,,,,,,,,,,,,,
coal,1,,,,,,,,,,,,,,,,,,,,,,,,,
thought,32,1,5,39,8,49,22,,,,,,,,,,,,,,,,,,,
desire,1,,,,,,,,,,,,,,,,,,,,,,,,,
weary,1,43,,,,,,,,,,,,,,,,,,,,,,,,
case,1,33,21,23,,,,,,,,,,,,,,,,,,,,,,
gold,1,19,22,,,,,,,,,,,,,,,,,,,,,,,
pin,1,4,,,,,,,,,,,,,,,,,,,,,,,,
little,1,8,11,48,22,25,,,,,,,,,,,,,,,,,,,,
give,32,1,33,8,9,10,46,47,22,23,,,,,,,,,,,,,,,,
dole,1,,,,,,,,,,,,,,,,,,,,,,,,,
bread,1,47,,,,,,,,,,,,,,,,,,,,,,,,
our,1,4,,,,,,,,,,,,,,,,,,,,,,,,
heartfelt,1,,,,,,,,,,,,,,,,,,,,,,,,,
prayer,1,12,,,,,,,,,,,,,,,,,,,,,,,,
poor,1,47,,,,,,,,,,,,,,,,,,,,,,,,
god,1,10,21,22,23,26,30,,,,,,,,,,,,,,,,,,,
rich,1,,,,,,,,,,,,,,,,,,,,,,,,,
whether,32,1,7,49,26,,,,,,,,,,,,,,,,,,,,,
harbor,1,,,,,,,,,,,,,,,,,,,,,,,,,
woe,1,22,,,,,,,,,,,,,,,,,,,,,,,,
bridal,1,,,,,,,,,,,,,,,,,,,,,,,,,
heedless,1,,,,,,,,,,,,,,,,,,,,,,,,,
aftermath,1,,,,,,,,,,,,,,,,,,,,,,,,,
smooth,40,1,,,,,,,,,,,,,,,,,,,,,,,,
lay,32,1,19,20,25,,,,,,,,,,,,,,,,,,,,,
like,32,1,33,37,6,40,9,10,14,47,18,20,24,28,30,,,,,,,,,,,
thatch,1,,,,,,,,,,,,,,,,,,,,,,,,,
dew,1,44,13,15,,,,,,,,,,,,,,,,,,,,,,
half,1,37,8,43,25,26,,,,,,,,,,,,,,,,,,,,
garden,1,13,5,,,,,,,,,,,,,,,,,,,,,,,
path,1,,,,,,,,,,,,,,,,,,,,,,,,,
grind,1,,,,,,,,,,,,,,,,,,,,,,,,,
whip,1,,,,,,,,,,,,,,,,,,,,,,,,,
sober,1,,,,,,,,,,,,,,,,,,,,,,,,,
tangle,1,30,,,,,,,,,,,,,,,,,,,,,,,,
weed,8,1,40,37,,,,,,,,,,,,,,,,,,,,,,
and,1,13,33,,,,,,,,,,,,,,,,,,,,,,,
word,1,35,38,13,49,21,23,,,,,,,,,,,,,,,,,,,
beside,32,1,11,44,19,20,25,,,,,,,,,,,,,,,,,,,
stand,1,33,41,10,43,13,16,22,25,,,,,,,,,,,,,,,,,
leaf,1,29,,,,,,,,,,,,,,,,,,,,,,,,
linger,1,,,,,,,,,,,,,,,,,,,,,,,,,
brown,1,9,,,,,,,,,,,,,,,,,,,,,,,,
disturb,1,33,,,,,,,,,,,,,,,,,,,,,,,,
doubt,32,1,7,44,22,26,28,,,,,,,,,,,,,,,,,,,
softly,1,,,,,,,,,,,,,,,,,,,,,,,,,
rattle,46,1,9,,,,,,,,,,,,,,,,,,,,,,,
end,1,41,10,21,22,31,,,,,,,,,,,,,,,,,,,,
pick,32,1,12,,,,,,,,,,,,,,,,,,,,,,,
remain,1,18,,,,,,,,,,,,,,,,,,,,,,,,
after,1,31,,,,,,,,,,,,,,,,,,,,,,,,
flower,1,35,38,8,9,10,11,12,13,44,15,19,22,24,25,28,30,31,,,,,,,,
carry,1,43,23,,,,,,,,,,,,,,,,,,,,,,,
countless,1,,,,,,,,,,,,,,,,,,,,,,,,,
congress,1,,,,,,,,,,,,,,,,,,,,,,,,,
tumult,1,,,,,,,,,,,,,,,,,,,,,,,,,
flow,1,9,,,,,,,,,,,,,,,,,,,,,,,,
shape,24,1,12,,,,,,,,,,,,,,,,,,,,,,,
tall,1,12,14,41,,,,,,,,,,,,,,,,,,,,,,
wintry,1,,,,,,,,,,,,,,,,,,,,,,,,,
blow,1,34,37,16,23,28,31,,,,,,,,,,,,,,,,,,,
keen,1,,,,,,,,,,,,,,,,,,,,,,,,,
fate,1,22,30,,,,,,,,,,,,,,,,,,,,,,,
faster,1,,,,,,,,,,,,,,,,,,,,,,,,,
step,1,26,,,,,,,,,,,,,,,,,,,,,,,,
rest,1,34,6,43,44,,,,,,,,,,,,,,,,,,,,,
india,1,,,,,,,,,,,,,,,,,,,,,,,,,
dawn,1,18,20,,,,,,,,,,,,,,,,,,,,,,,
neither,1,,,,,,,,,,,,,,,,,,,,,,,,,
hate,24,1,32,,,,,,,,,,,,,,,,,,,,,,,
miners,1,,,,,,,,,,,,,,,,,,,,,,,,,
marble,1,,,,,,,,,,,,,,,,,,,,,,,,,
gift,1,19,,,,,,,,,,,,,,,,,,,,,,,,
sight,40,1,,,,,,,,,,,,,,,,,,,,,,,,
work,40,1,,,,,,,,,,,,,,,,,,,,,,,,
pelt,1,,,,,,,,,,,,,,,,,,,,,,,,,
chamber,1,,,,,,,,,,,,,,,,,,,,,,,,,
east,1,19,28,,,,,,,,,,,,,,,,,,,,,,,
whisper,1,19,25,,,,,,,,,,,,,,,,,,,,,,,
sort,1,43,,,,,,,,,,,,,,,,,,,,,,,,
bark,1,,,,,,,,,,,,,,,,,,,,,,,,,
beast,1,,,,,,,,,,,,,,,,,,,,,,,,,
cost,16,1,,,,,,,,,,,,,,,,,,,,,,,,
inward,1,,,,,,,,,,,,,,,,,,,,,,,,,
struggle,1,,,,,,,,,,,,,,,,,,,,,,,,,
ah,1,30,31,,,,,,,,,,,,,,,,,,,,,,,
count,1,,,,,,,,,,,,,,,,,,,,,,,,,
strength,1,23,,,,,,,,,,,,,,,,,,,,,,,,
child,1,25,,,,,,,,,,,,,,,,,,,,,,,,
asleep,1,,,,,,,,,,,,,,,,,,,,,,,,,
subdue,1,,,,,,,,,,,,,,,,,,,,,,,,,
mark,8,1,,,,,,,,,,,,,,,,,,,,,,,,
cold,1,,,,,,,,,,,,,,,,,,,,,,,,,
creep,1,31,,,,,,,,,,,,,,,,,,,,,,,,
die,1,14,,,,,,,,,,,,,,,,,,,,,,,,
length,1,,,,,,,,,,,,,,,,,,,,,,,,,
drift,1,31,,,,,,,,,,,,,,,,,,,,,,,,
pile,1,14,,,,,,,,,,,,,,,,,,,,,,,,
dockyard,1,,,,,,,,,,,,,,,,,,,,,,,,,
unload,1,,,,,,,,,,,,,,,,,,,,,,,,,
till,32,1,39,50,21,22,,,,,,,,,,,,,,,,,,,,
even,1,37,22,33,,,,,,,,,,,,,,,,,,,,,,
comfort,1,,,,,,,,,,,,,,,,,,,,,,,,,
barn,1,,,,,,,,,,,,,,,,,,,,,,,,,
ti,1,13,16,21,22,,,,,,,,,,,,,,,,,,,,,
arms,1,33,,,,,,,,,,,,,,,,,,,,,,,,
save,1,23,25,30,31,,,,,,,,,,,,,,,,,,,,,
yourself,1,21,,,,,,,,,,,,,,,,,,,,,,,,
unpaid,1,,,,,,,,,,,,,,,,,,,,,,,,,
lover,1,,,,,,,,,,,,,,,,,,,,,,,,,
frost,1,29,33,,,,,,,,,,,,,,,,,,,,,,,
veil,1,,,,,,,,,,,,,,,,,,,,,,,,,
melt,1,9,,,,,,,,,,,,,,,,,,,,,,,,
noon,1,29,,,,,,,,,,,,,,,,,,,,,,,,
caged,1,,,,,,,,,,,,,,,,,,,,,,,,,
yellow,1,43,,,,,,,,,,,,,,,,,,,,,,,,
hang,32,1,30,,,,,,,,,,,,,,,,,,,,,,,
tune,1,,,,,,,,,,,,,,,,,,,,,,,,,
pane,1,33,,,,,,,,,,,,,,,,,,,,,,,,
could,32,1,35,8,11,12,23,30,,,,,,,,,,,,,,,,,,
help,32,1,,,,,,,,,,,,,,,,,,,,,,,,
pass,1,36,44,13,48,22,,,,,,,,,,,,,,,,,,,,
concern,1,33,,,,,,,,,,,,,,,,,,,,,,,,
ice,1,9,,,,,,,,,,,,,,,,,,,,,,,,
dead,1,37,47,49,18,24,30,31,,,,,,,,,,,,,,,,,,
sigh,1,,,,,,,,,,,,,,,,,,,,,,,,,
sill,1,35,15,,,,,,,,,,,,,,,,,,,,,,,
sash,1,,,,,,,,,,,,,,,,,,,,,,,,,
shake,1,39,44,16,18,,,,,,,,,,,,,,,,,,,,,
wit,1,22,,,,,,,,,,,,,,,,,,,,,,,,
lie,32,1,42,24,31,,,,,,,,,,,,,,,,,,,,,
perchance,1,,,,,,,,,,,,,,,,,,,,,,,,,
prevail,1,14,,,,,,,,,,,,,,,,,,,,,,,,
win,1,30,23,,,,,,,,,,,,,,,,,,,,,,,
flight,1,46,39,,,,,,,,,,,,,,,,,,,,,,,
fidelity,1,,,,,,,,,,,,,,,,,,,,,,,,,
glass,48,1,13,9,,,,,,,,,,,,,,,,,,,,,,
warm,32,1,,,,,,,,,,,,,,,,,,,,,,,,
stove,1,33,,,,,,,,,,,,,,,,,,,,,,,,
lean,1,35,36,25,,,,,,,,,,,,,,,,,,,,,,
said,1,,,,,,,,,,,,,,,,,,,,,,,,,
naught,1,22,49,,,,,,,,,,,,,,,,,,,,,,,
more,1,11,29,22,,,,,,,,,,,,,,,,,,,,,,
under,1,,,,,,,,,,,,,,,,,,,,,,,,,
mile,1,,,,,,,,,,,,,,,,,,,,,,,,,
loud,1,38,,,,,,,,,,,,,,,,,,,,,,,,
southwest,1,,,,,,,,,,,,,,,,,,,,,,,,,
bring,1,34,33,9,14,15,49,23,30,,,,,,,,,,,,,,,,,
singer,1,13,38,,,,,,,,,,,,,,,,,,,,,,,
fester,1,,,,,,,,,,,,,,,,,,,,,,,,,
burn,1,39,40,12,18,25,29,,,,,,,,,,,,,,,,,,,
dream,1,14,16,48,19,22,30,,,,,,,,,,,,,,,,,,,
make,1,38,39,9,10,11,42,14,48,49,50,19,20,21,22,23,24,26,29,30,,,,,,
settle,1,,,,,,,,,,,,,,,,,,,,,,,,,
bank,1,30,,,,,,,,,,,,,,,,,,,,,,,,
steam,1,,,,,,,,,,,,,,,,,,,,,,,,,
beneath,32,1,,,,,,,,,,,,,,,,,,,,,,,,
what,1,43,45,46,25,,,,,,,,,,,,,,,,,,,,,
hermit,1,,,,,,,,,,,,,,,,,,,,,,,,,
crucify,1,,,,,,,,,,,,,,,,,,,,,,,,,
burst,1,,,,,,,,,,,,,,,,,,,,,,,,,
narrow,1,,,,,,,,,,,,,,,,,,,,,,,,,
stall,1,,,,,,,,,,,,,,,,,,,,,,,,,
swing,1,23,,,,,,,,,,,,,,,,,,,,,,,,
picture,1,,,,,,,,,,,,,,,,,,,,,,,,,
run,1,37,42,44,49,20,24,26,,,,,,,,,,,,,,,,,,
page,1,,,,,,,,,,,,,,,,,,,,,,,,,
scatter,1,12,,,,,,,,,,,,,,,,,,,,,,,,
poem,1,,,,,,,,,,,,,,,,,,,,,,,,,
floor,1,50,13,,,,,,,,,,,,,,,,,,,,,,,
poet,1,,,,,,,,,,,,,,,,,,,,,,,,,
oh,1,36,10,13,21,28,,,,,,,,,,,,,,,,,,,,
uncertain,1,,,,,,,,,,,,,,,,,,,,,,,,,
harvest,1,,,,,,,,,,,,,,,,,,,,,,,,,
spring,32,1,38,,,,,,,,,,,,,,,,,,,,,,,
year,1,26,28,25,,,,,,,,,,,,,,,,,,,,,,
not,1,33,39,10,44,13,50,22,23,29,,,,,,,,,,,,,,,,
el,1,10,29,,,,,,,,,,,,,,,,,,,,,,,
ghost,1,37,,,,,,,,,,,,,,,,,,,,,,,,
happy,1,10,30,,,,,,,,,,,,,,,,,,,,,,,
bee,1,10,35,28,,,,,,,,,,,,,,,,,,,,,,
swarm,1,,,,,,,,,,,,,,,,,,,,,,,,,
dilate,1,,,,,,,,,,,,,,,,,,,,,,,,,
round,32,1,45,33,,,,,,,,,,,,,,,,,,,,,,
perfect,1,,,,,,,,,,,,,,,,,,,,,,,,,
suddenly,1,26,,,,,,,,,,,,,,,,,,,,,,,,
above,1,10,29,30,,,,,,,,,,,,,,,,,,,,,,
method,1,,,,,,,,,,,,,,,,,,,,,,,,,
thrust,1,36,41,,,,,,,,,,,,,,,,,,,,,,,
need,32,1,39,10,26,,,,,,,,,,,,,,,,,,,,,
bill,1,,,,,,,,,,,,,,,,,,,,,,,,,
blossom,1,,,,,,,,,,,,,,,,,,,,,,,,,
mid,1,38,,,,,,,,,,,,,,,,,,,,,,,,
air,1,12,13,14,44,50,25,30,,,,,,,,,,,,,,,,,,
the,1,33,37,14,15,16,46,22,23,24,25,28,29,30,,,,,,,,,,,,
reserve,1,,,,,,,,,,,,,,,,,,,,,,,,,
sanction,1,,,,,,,,,,,,,,,,,,,,,,,,,
fulfil,1,,,,,,,,,,,,,,,,,,,,,,,,,
way,1,37,40,43,13,47,17,29,,,,,,,,,,,,,,,,,,
gaunt,1,,,,,,,,,,,,,,,,,,,,,,,,,
grey,1,,,,,,,,,,,,,,,,,,,,,,,,,
roam,1,,,,,,,,,,,,,,,,,,,,,,,,,
dumb,1,11,,,,,,,,,,,,,,,,,,,,,,,,
because,1,11,20,47,,,,,,,,,,,,,,,,,,,,,,
gay,1,47,,,,,,,,,,,,,,,,,,,,,,,,
take,1,37,17,22,24,25,,,,,,,,,,,,,,,,,,,,
age,1,28,33,,,,,,,,,,,,,,,,,,,,,,,
measure,1,50,11,,,,,,,,,,,,,,,,,,,,,,,
worth,32,1,25,,,,,,,,,,,,,,,,,,,,,,,
treasury,1,,,,,,,,,,,,,,,,,,,,,,,,,
satyr,1,,,,,,,,,,,,,,,,,,,,,,,,,
meadow,1,,,,,,,,,,,,,,,,,,,,,,,,,
sun,32,1,33,39,43,12,18,19,22,25,29,30,,,,,,,,,,,,,,
jewel,1,37,,,,,,,,,,,,,,,,,,,,,,,,
circle,1,14,39,,,,,,,,,,,,,,,,,,,,,,,
wider,1,,,,,,,,,,,,,,,,,,,,,,,,,
around,1,41,,,,,,,,,,,,,,,,,,,,,,,,
quit,32,1,40,,,,,,,,,,,,,,,,,,,,,,,
exclude,1,,,,,,,,,,,,,,,,,,,,,,,,,
breath,1,18,25,33,,,,,,,,,,,,,,,,,,,,,,
temple,1,,,,,,,,,,,,,,,,,,,,,,,,,
heat,1,19,37,43,,,,,,,,,,,,,,,,,,,,,,
bow,1,35,31,,,,,,,,,,,,,,,,,,,,,,,
right,1,23,,,,,,,,,,,,,,,,,,,,,,,,
worship,1,,,,,,,,,,,,,,,,,,,,,,,,,
thousand,32,1,,,,,,,,,,,,,,,,,,,,,,,,
oris,1,19,,,,,,,,,,,,,,,,,,,,,,,,
grass,1,12,30,,,,,,,,,,,,,,,,,,,,,,,
every,32,1,39,13,15,48,,,,,,,,,,,,,,,,,,,,
second,1,,,,,,,,,,,,,,,,,,,,,,,,,
spear,1,33,,,,,,,,,,,,,,,,,,,,,,,,
seem,32,1,36,43,45,14,48,19,28,29,30,,,,,,,,,,,,,,,
tip,1,,,,,,,,,,,,,,,,,,,,,,,,,
wing,1,30,39,,,,,,,,,,,,,,,,,,,,,,,
color,1,,,,,,,,,,,,,,,,,,,,,,,,,
atmosphere,1,,,,,,,,,,,,,,,,,,,,,,,,,
rays,1,43,,,,,,,,,,,,,,,,,,,,,,,,
spot,1,,,,,,,,,,,,,,,,,,,,,,,,,
genet,1,,,,,,,,,,,,,,,,,,,,,,,,,
favour,1,,,,,,,,,,,,,,,,,,,,,,,,,
obtain,1,,,,,,,,,,,,,,,,,,,,,,,,,
grace,1,31,,,,,,,,,,,,,,,,,,,,,,,,
hour,32,1,35,14,19,29,,,,,,,,,,,,,,,,,,,,
confuse,1,,,,,,,,,,,,,,,,,,,,,,,,,
lack,1,19,22,,,,,,,,,,,,,,,,,,,,,,,
seemingly,1,,,,,,,,,,,,,,,,,,,,,,,,,
mistress,1,13,,,,,,,,,,,,,,,,,,,,,,,,
master,1,,,,,,,,,,,,,,,,,,,,,,,,,
plaster,1,,,,,,,,,,,,,,,,,,,,,,,,,
fashion,32,1,,,,,,,,,,,,,,,,,,,,,,,,
mary,1,13,,,,,,,,,,,,,,,,,,,,,,,,
wonder,1,50,22,47,,,,,,,,,,,,,,,,,,,,,,
owner,1,,,,,,,,,,,,,,,,,,,,,,,,,
answer,1,,,,,,,,,,,,,,,,,,,,,,,,,
must,32,1,13,16,21,22,24,27,29,,,,,,,,,,,,,,,,,
want,32,1,22,,,,,,,,,,,,,,,,,,,,,,,
join,1,20,,,,,,,,,,,,,,,,,,,,,,,,
coldly,1,,,,,,,,,,,,,,,,,,,,,,,,,
repose,1,,,,,,,,,,,,,,,,,,,,,,,,,
boldly,1,,,,,,,,,,,,,,,,,,,,,,,,,
knock,1,,,,,,,,,,,,,,,,,,,,,,,,,
echo,1,,,,,,,,,,,,,,,,,,,,,,,,,
beggar,1,,,,,,,,,,,,,,,,,,,,,,,,,
rose,1,30,,,,,,,,,,,,,,,,,,,,,,,,
errand,1,23,,,,,,,,,,,,,,,,,,,,,,,,
disclose,1,,,,,,,,,,,,,,,,,,,,,,,,,
best,1,13,,,,,,,,,,,,,,,,,,,,,,,,
real,1,,,,,,,,,,,,,,,,,,,,,,,,,
heroic,1,22,,,,,,,,,,,,,,,,,,,,,,,,
maid,1,,,,,,,,,,,,,,,,,,,,,,,,,
unlucky,1,,,,,,,,,,,,,,,,,,,,,,,,,
gain,1,39,,,,,,,,,,,,,,,,,,,,,,,,
gather,1,33,22,28,30,,,,,,,,,,,,,,,,,,,,,
loose,1,,,,,,,,,,,,,,,,,,,,,,,,,
entertain,1,,,,,,,,,,,,,,,,,,,,,,,,,
very,1,22,47,,,,,,,,,,,,,,,,,,,,,,,
much,32,1,35,37,45,15,18,,,,,,,,,,,,,,,,,,,
support,1,,,,,,,,,,,,,,,,,,,,,,,,,
missile,1,,,,,,,,,,,,,,,,,,,,,,,,,
shine,32,1,,,,,,,,,,,,,,,,,,,,,,,,
grant,1,,,,,,,,,,,,,,,,,,,,,,,,,
silent,1,27,14,,,,,,,,,,,,,,,,,,,,,,,
boon,1,,,,,,,,,,,,,,,,,,,,,,,,,
specter,1,43,,,,,,,,,,,,,,,,,,,,,,,,
move,1,,,,,,,,,,,,,,,,,,,,,,,,,
babcock,1,14,,,,,,,,,,,,,,,,,,,,,,,,
lightly,1,44,,,,,,,,,,,,,,,,,,,,,,,,
enter,16,1,,,,,,,,,,,,,,,,,,,,,,,,
stubble,1,42,,,,,,,,,,,,,,,,,,,,,,,,
labor,1,19,,,,,,,,,,,,,,,,,,,,,,,,
voice,1,50,22,15,,,,,,,,,,,,,,,,,,,,,,
late,1,42,33,,,,,,,,,,,,,,,,,,,,,,,
antiphoni,1,,,,,,,,,,,,,,,,,,,,,,,,,
afterglow,1,,,,,,,,,,,,,,,,,,,,,,,,,
moon,32,1,33,14,18,20,,,,,,,,,,,,,,,,,,,,
sit,32,1,33,39,17,26,,,,,,,,,,,,,,,,,,,,
side,24,1,,,,,,,,,,,,,,,,,,,,,,,,
first,1,35,36,22,30,,,,,,,,,,,,,,,,,,,,,
lose,40,1,50,14,,,,,,,,,,,,,,,,,,,,,,
amid,1,18,,,,,,,,,,,,,,,,,,,,,,,,
alike,1,,,,,,,,,,,,,,,,,,,,,,,,,
oppose,1,18,,,,,,,,,,,,,,,,,,,,,,,,
prevent,1,,,,,,,,,,,,,,,,,,,,,,,,,
shadow,1,22,,,,,,,,,,,,,,,,,,,,,,,,
hawk,1,25,,,,,,,,,,,,,,,,,,,,,,,,
people,1,,,,,,,,,,,,,,,,,,,,,,,,,
heaven,1,43,22,39,,,,,,,,,,,,,,,,,,,,,,
vague,1,,,,,,,,,,,,,,,,,,,,,,,,,
unearthed,1,,,,,,,,,,,,,,,,,,,,,,,,,
cry,1,22,23,,,,,,,,,,,,,,,,,,,,,,,
flung,1,,,,,,,,,,,,,,,,,,,,,,,,,
headlong,1,,,,,,,,,,,,,,,,,,,,,,,,,
fierce,1,,,,,,,,,,,,,,,,,,,,,,,,,
than,1,,,,,,,,,,,,,,,,,,,,,,,,,
anti,1,,,,,,,,,,,,,,,,,,,,,,,,,
dimly,1,,,,,,,,,,,,,,,,,,,,,,,,,
secret,1,,,,,,,,,,,,,,,,,,,,,,,,,
pirouett,1,,,,,,,,,,,,,,,,,,,,,,,,,
seek,1,37,44,16,18,20,21,22,26,31,,,,,,,,,,,,,,,,
endless,1,,,,,,,,,,,,,,,,,,,,,,,,,
purblind,1,,,,,,,,,,,,,,,,,,,,,,,,,
hast,1,,,,,,,,,,,,,,,,,,,,,,,,,
swallow,16,1,,,,,,,,,,,,,,,,,,,,,,,,
sweep,1,,,,,,,,,,,,,,,,,,,,,,,,,
grasp,1,30,,,,,,,,,,,,,,,,,,,,,,,,
abyss,1,,,,,,,,,,,,,,,,,,,,,,,,,
odor,1,30,15,,,,,,,,,,,,,,,,,,,,,,,
rustle,1,,,,,,,,,,,,,,,,,,,,,,,,,
advent,1,,,,,,,,,,,,,,,,,,,,,,,,,
on,1,33,43,14,20,22,25,30,,,,,,,,,,,,,,,,,,
inter,1,,,,,,,,,,,,,,,,,,,,,,,,,
instrument,1,49,,,,,,,,,,,,,,,,,,,,,,,,
try,48,1,17,,,,,,,,,,,,,,,,,,,,,,,
twice,1,,,,,,,,,,,,,,,,,,,,,,,,,
thrice,1,,,,,,,,,,,,,,,,,,,,,,,,,
worn,1,,,,,,,,,,,,,,,,,,,,,,,,,
book,1,,,,,,,,,,,,,,,,,,,,,,,,,
golden,1,23,,,,,,,,,,,,,,,,,,,,,,,,
song,1,37,15,16,25,28,,,,,,,,,,,,,,,,,,,,
read,1,34,22,,,,,,,,,,,,,,,,,,,,,,,
fresh,1,28,22,,,,,,,,,,,,,,,,,,,,,,,
memory,1,22,,,,,,,,,,,,,,,,,,,,,,,,
absent,1,,,,,,,,,,,,,,,,,,,,,,,,,
line,1,28,49,,,,,,,,,,,,,,,,,,,,,,,
shall,1,50,22,26,28,,,,,,,,,,,,,,,,,,,,,
greet,1,44,22,,,,,,,,,,,,,,,,,,,,,,,
young,32,1,44,47,,,,,,,,,,,,,,,,,,,,,,
dwelt,16,1,,,,,,,,,,,,,,,,,,,,,,,,
vale,1,,,,,,,,,,,,,,,,,,,,,,,,,
men,1,15,,,,,,,,,,,,,,,,,,,,,,,,
ring,24,1,26,,,,,,,,,,,,,,,,,,,,,,,
maiden,1,,,,,,,,,,,,,,,,,,,,,,,,,
pale,1,19,,,,,,,,,,,,,,,,,,,,,,,,
whose,1,29,,,,,,,,,,,,,,,,,,,,,,,,
garment,1,,,,,,,,,,,,,,,,,,,,,,,,,
trail,1,26,,,,,,,,,,,,,,,,,,,,,,,,
across,1,20,15,,,,,,,,,,,,,,,,,,,,,,,
reed,1,,,,,,,,,,,,,,,,,,,,,,,,,
kind,1,43,15,,,,,,,,,,,,,,,,,,,,,,,
bloom,1,28,38,,,,,,,,,,,,,,,,,,,,,,,
sound,1,33,38,19,22,23,26,,,,,,,,,,,,,,,,,,,
room,48,1,39,33,,,,,,,,,,,,,,,,,,,,,,
outer,1,33,,,,,,,,,,,,,,,,,,,,,,,,
single,1,20,44,,,,,,,,,,,,,,,,,,,,,,,
often,1,,,,,,,,,,,,,,,,,,,,,,,,,
moment,32,1,44,38,,,,,,,,,,,,,,,,,,,,,,
west,1,28,30,,,,,,,,,,,,,,,,,,,,,,,
almost,1,33,,,,,,,,,,,,,,,,,,,,,,,,
fly,1,42,28,44,,,,,,,,,,,,,,,,,,,,,,
vainly,1,15,,,,,,,,,,,,,,,,,,,,,,,,
listen,1,50,35,20,,,,,,,,,,,,,,,,,,,,,,
withdraw,32,1,44,,,,,,,,,,,,,,,,,,,,,,,
forest,16,1,29,49,,,,,,,,,,,,,,,,,,,,,,
ponder,1,,,,,,,,,,,,,,,,,,,,,,,,,
strong,1,44,,,,,,,,,,,,,,,,,,,,,,,,
pensive,1,,,,,,,,,,,,,,,,,,,,,,,,,
head,1,50,35,,,,,,,,,,,,,,,,,,,,,,,
dare,1,20,22,,,,,,,,,,,,,,,,,,,,,,,
footstep,1,,,,,,,,,,,,,,,,,,,,,,,,,
stray,1,,,,,,,,,,,,,,,,,,,,,,,,,
undo,1,,,,,,,,,,,,,,,,,,,,,,,,,
wrong,1,,,,,,,,,,,,,,,,,,,,,,,,,
near,24,1,33,,,,,,,,,,,,,,,,,,,,,,,
behind,32,1,20,21,26,28,,,,,,,,,,,,,,,,,,,,
bough,32,1,20,25,28,,,,,,,,,,,,,,,,,,,,,
outside,1,,,,,,,,,,,,,,,,,,,,,,,,,
pang,1,,,,,,,,,,,,,,,,,,,,,,,,,
call,32,1,35,41,43,44,49,29,,,,,,,,,,,,,,,,,,
doe,1,33,,,,,,,,,,,,,,,,,,,,,,,,
aid,1,,,,,,,,,,,,,,,,,,,,,,,,,
aloof,1,,,,,,,,,,,,,,,,,,,,,,,,,
wake,1,22,,,,,,,,,,,,,,,,,,,,,,,,
proof,1,,,,,,,,,,,,,,,,,,,,,,,,,
prove,32,1,,,,,,,,,,,,,,,,,,,,,,,,
mistaken,32,1,,,,,,,,,,,,,,,,,,,,,,,,
sometime,1,50,43,,,,,,,,,,,,,,,,,,,,,,,
wayside,1,,,,,,,,,,,,,,,,,,,,,,,,,
nook,1,,,,,,,,,,,,,,,,,,,,,,,,,
mischief,1,,,,,,,,,,,,,,,,,,,,,,,,,
vagrant,1,,,,,,,,,,,,,,,,,,,,,,,,,
search,1,,,,,,,,,,,,,,,,,,,,,,,,,
feel,32,1,26,19,,,,,,,,,,,,,,,,,,,,,,
forsaken,1,,,,,,,,,,,,,,,,,,,,,,,,,
tire,1,,,,,,,,,,,,,,,,,,,,,,,,,
mankind,1,,,,,,,,,,,,,,,,,,,,,,,,,
he,1,41,47,,,,,,,,,,,,,,,,,,,,,,,
slope,32,1,,,,,,,,,,,,,,,,,,,,,,,,
cattle,1,,,,,,,,,,,,,,,,,,,,,,,,,
lawn,1,,,,,,,,,,,,,,,,,,,,,,,,,
toll,1,,,,,,,,,,,,,,,,,,,,,,,,,
julie,1,25,,,,,,,,,,,,,,,,,,,,,,,,
unseen,1,,,,,,,,,,,,,,,,,,,,,,,,,
define,1,,,,,,,,,,,,,,,,,,,,,,,,,
home,24,1,31,,,,,,,,,,,,,,,,,,,,,,,
farther,1,,,,,,,,,,,,,,,,,,,,,,,,,
grave,1,,,,,,,,,,,,,,,,,,,,,,,,,
hill,1,36,39,41,22,25,28,31,,,,,,,,,,,,,,,,,,
live,1,49,,,,,,,,,,,,,,,,,,,,,,,,
which,1,,,,,,,,,,,,,,,,,,,,,,,,,
mind,1,22,,,,,,,,,,,,,,,,,,,,,,,,
arm,1,39,23,,,,,,,,,,,,,,,,,,,,,,,
lo,1,31,,,,,,,,,,,,,,,,,,,,,,,,
hillside,1,,,,,,,,,,,,,,,,,,,,,,,,,
aglow,1,,,,,,,,,,,,,,,,,,,,,,,,,
smell,1,18,39,,,,,,,,,,,,,,,,,,,,,,,
bruised,1,,,,,,,,,,,,,,,,,,,,,,,,,
plant,1,43,22,49,,,,,,,,,,,,,,,,,,,,,,
crater,1,,,,,,,,,,,,,,,,,,,,,,,,,
ant,1,,,,,,,,,,,,,,,,,,,,,,,,,
never,32,1,39,47,48,50,28,,,,,,,,,,,,,,,,,,,
scythe,1,19,,,,,,,,,,,,,,,,,,,,,,,,
ground,1,41,44,24,31,,,,,,,,,,,,,,,,,,,,,
perhaps,1,19,47,,,,,,,,,,,,,,,,,,,,,,,
cometh,32,1,36,42,43,19,24,26,,,,,,,,,,,,,,,,,,
ill,1,22,,,,,,,,,,,,,,,,,,,,,,,,
self,1,,,,,,,,,,,,,,,,,,,,,,,,,
any,1,,,,,,,,,,,,,,,,,,,,,,,,,
truth,1,45,,,,,,,,,,,,,,,,,,,,,,,,
weak,1,37,,,,,,,,,,,,,,,,,,,,,,,,
earnest,1,,,,,,,,,,,,,,,,,,,,,,,,,
scale,1,,,,,,,,,,,,,,,,,,,,,,,,,
row,1,,,,,,,,,,,,,,,,,,,,,,,,,
point,1,36,,,,,,,,,,,,,,,,,,,,,,,,
spike,1,42,,,,,,,,,,,,,,,,,,,,,,,,
scare,1,50,33,,,,,,,,,,,,,,,,,,,,,,,
bright,1,,,,,,,,,,,,,,,,,,,,,,,,,
snake,1,,,,,,,,,,,,,,,,,,,,,,,,,
fact,1,,,,,,,,,,,,,,,,,,,,,,,,,
hay,1,,,,,,,,,,,,,,,,,,,,,,,,,
dry,1,42,28,44,,,,,,,,,,,,,,,,,,,,,,
pail,1,25,,,,,,,,,,,,,,,,,,,,,,,,
brook,1,20,37,,,,,,,,,,,,,,,,,,,,,,,
both,1,,,,,,,,,,,,,,,,,,,,,,,,,
excuse,1,,,,,,,,,,,,,,,,,,,,,,,,,
chill,1,,,,,,,,,,,,,,,,,,,,,,,,,
meet,1,36,23,,,,,,,,,,,,,,,,,,,,,,,
slowly,1,43,,,,,,,,,,,,,,,,,,,,,,,,
barren,40,1,,,,,,,,,,,,,,,,,,,,,,,,
pus,32,1,43,,,,,,,,,,,,,,,,,,,,,,,
some,1,,,,,,,,,,,,,,,,,,,,,,,,,
hide,24,1,20,21,,,,,,,,,,,,,,,,,,,,,,
ready,1,,,,,,,,,,,,,,,,,,,,,,,,,
laughter,1,22,,,,,,,,,,,,,,,,,,,,,,,,
soon,32,1,,,,,,,,,,,,,,,,,,,,,,,,
ere,40,1,27,,,,,,,,,,,,,,,,,,,,,,,
note,1,,,,,,,,,,,,,,,,,,,,,,,,,
slender,1,,,,,,,,,,,,,,,,,,,,,,,,,
tinel,1,,,,,,,,,,,,,,,,,,,,,,,,,
drop,1,,,,,,,,,,,,,,,,,,,,,,,,,
float,1,,,,,,,,,,,,,,,,,,,,,,,,,
pool,1,,,,,,,,,,,,,,,,,,,,,,,,,
pearl,1,,,,,,,,,,,,,,,,,,,,,,,,,
blade,1,41,,,,,,,,,,,,,,,,,,,,,,,,
tea,1,,,,,,,,,,,,,,,,,,,,,,,,,
flout,1,,,,,,,,,,,,,,,,,,,,,,,,,
gait,1,,,,,,,,,,,,,,,,,,,,,,,,,
someone,1,35,25,,,,,,,,,,,,,,,,,,,,,,,
really,1,,,,,,,,,,,,,,,,,,,,,,,,,
piti,1,,,,,,,,,,,,,,,,,,,,,,,,,
require,1,,,,,,,,,,,,,,,,,,,,,,,,,
later,1,,,,,,,,,,,,,,,,,,,,,,,,,
inspire,1,42,,,,,,,,,,,,,,,,,,,,,,,,
understand,1,23,,,,,,,,,,,,,,,,,,,,,,,,
friend,32,1,22,41,,,,,,,,,,,,,,,,,,,,,,
babe,1,,,,,,,,,,,,,,,,,,,,,,,,,
play,24,1,25,,,,,,,,,,,,,,,,,,,,,,,
brave,1,22,,,,,,,,,,,,,,,,,,,,,,,,
slay,1,,,,,,,,,,,,,,,,,,,,,,,,,
dissembl,1,,,,,,,,,,,,,,,,,,,,,,,,,
surprise,32,1,,,,,,,,,,,,,,,,,,,,,,,,
valor,1,,,,,,,,,,,,,,,,,,,,,,,,,
reign,1,,,,,,,,,,,,,,,,,,,,,,,,,
parade,1,22,,,,,,,,,,,,,,,,,,,,,,,,
sword,1,,,,,,,,,,,,,,,,,,,,,,,,,
wide,1,46,,,,,,,,,,,,,,,,,,,,,,,,
asphodel,1,,,,,,,,,,,,,,,,,,,,,,,,,
fore,48,1,50,,,,,,,,,,,,,,,,,,,,,,,
utmost,1,,,,,,,,,,,,,,,,,,,,,,,,,
reward,1,,,,,,,,,,,,,,,,,,,,,,,,,
whole,32,1,,,,,,,,,,,,,,,,,,,,,,,,
shatter,1,28,,,,,,,,,,,,,,,,,,,,,,,,
dye,1,30,,,,,,,,,,,,,,,,,,,,,,,,
verdure,1,,,,,,,,,,,,,,,,,,,,,,,,,
wise,1,50,,,,,,,,,,,,,,,,,,,,,,,,
angel,1,,,,,,,,,,,,,,,,,,,,,,,,,
host,1,,,,,,,,,,,,,,,,,,,,,,,,,
ó,1,25,,,,,,,,,,,,,,,,,,,,,,,,
bind,1,22,,,,,,,,,,,,,,,,,,,,,,,,
distant,1,,,,,,,,,,,,,,,,,,,,,,,,,
break,1,33,22,29,30,,,,,,,,,,,,,,,,,,,,,
wave,1,30,,,,,,,,,,,,,,,,,,,,,,,,
cliff,1,,,,,,,,,,,,,,,,,,,,,,,,,
top,1,,,,,,,,,,,,,,,,,,,,,,,,,
proclaim,1,,,,,,,,,,,,,,,,,,,,,,,,,
soul,1,22,30,,,,,,,,,,,,,,,,,,,,,,,
birth,40,1,,,,,,,,,,,,,,,,,,,,,,,,
trial,32,1,,,,,,,,,,,,,,,,,,,,,,,,
exist,1,,,,,,,,,,,,,,,,,,,,,,,,,
obscure,1,,,,,,,,,,,,,,,,,,,,,,,,,
spirit,1,22,,,,,,,,,,,,,,,,,,,,,,,,
troop,1,,,,,,,,,,,,,,,,,,,,,,,,,
stream,1,22,,,,,,,,,,,,,,,,,,,,,,,,
cross,32,1,,,,,,,,,,,,,,,,,,,,,,,,
counter,1,,,,,,,,,,,,,,,,,,,,,,,,,
ear,1,,,,,,,,,,,,,,,,,,,,,,,,,
suggest,1,,,,,,,,,,,,,,,,,,,,,,,,,
leiter,1,,,,,,,,,,,,,,,,,,,,,,,,,
sacrifice,1,23,,,,,,,,,,,,,,,,,,,,,,,,
discern,1,,,,,,,,,,,,,,,,,,,,,,,,,
gladly,1,,,,,,,,,,,,,,,,,,,,,,,,,
swimmer,1,,,,,,,,,,,,,,,,,,,,,,,,,
contour,1,,,,,,,,,,,,,,,,,,,,,,,,,
roll,1,,,,,,,,,,,,,,,,,,,,,,,,,
toward,1,43,,,,,,,,,,,,,,,,,,,,,,,,
throne,1,,,,,,,,,,,,,,,,,,,,,,,,,
speed,1,37,,,,,,,,,,,,,,,,,,,,,,,,
devote,1,,,,,,,,,,,,,,,,,,,,,,,,,
respect,1,,,,,,,,,,,,,,,,,,,,,,,,,
life,1,22,30,,,,,,,,,,,,,,,,,,,,,,,
eastward,1,,,,,,,,,,,,,,,,,,,,,,,,,
beyond,32,1,30,,,,,,,,,,,,,,,,,,,,,,,
tenderly,1,,,,,,,,,,,,,,,,,,,,,,,,,
extent,32,1,,,,,,,,,,,,,,,,,,,,,,,,
supreme,1,,,,,,,,,,,,,,,,,,,,,,,,,
press,1,,,,,,,,,,,,,,,,,,,,,,,,,
naked,1,,,,,,,,,,,,,,,,,,,,,,,,,
uttermost,1,,,,,,,,,,,,,,,,,,,,,,,,,
tale,1,25,,,,,,,,,,,,,,,,,,,,,,,,
honor,1,,,,,,,,,,,,,,,,,,,,,,,,,
nobler,1,,,,,,,,,,,,,,,,,,,,,,,,,
death,1,43,22,23,24,,,,,,,,,,,,,,,,,,,,,
whirl,32,1,30,,,,,,,,,,,,,,,,,,,,,,,
agony,1,,,,,,,,,,,,,,,,,,,,,,,,,
strife,1,,,,,,,,,,,,,,,,,,,,,,,,,
choose,1,22,,,,,,,,,,,,,,,,,,,,,,,,
pure,1,,,,,,,,,,,,,,,,,,,,,,,,,
admit,1,,,,,,,,,,,,,,,,,,,,,,,,,
choice,1,50,22,,,,,,,,,,,,,,,,,,,,,,,
earthly,1,39,,,,,,,,,,,,,,,,,,,,,,,,
assent,1,,,,,,,,,,,,,,,,,,,,,,,,,
awe,1,,,,,,,,,,,,,,,,,,,,,,,,,
claim,1,,,,,,,,,,,,,,,,,,,,,,,,,
use,1,,,,,,,,,,,,,,,,,,,,,,,,,
therefrom,1,,,,,,,,,,,,,,,,,,,,,,,,,
mystic,1,22,,,,,,,,,,,,,,,,,,,,,,,,
link,1,,,,,,,,,,,,,,,,,,,,,,,,,
matter,1,28,23,,,,,,,,,,,,,,,,,,,,,,,
essence,1,,,,,,,,,,,,,,,,,,,,,,,,,
greatly,1,23,,,,,,,,,,,,,,,,,,,,,,,,
clear,1,28,39,,,,,,,,,,,,,,,,,,,,,,,
wrack,1,,,,,,,,,,,,,,,,,,,,,,,,,
somehow,1,,,,,,,,,,,,,,,,,,,,,,,,,
wholly,1,,,,,,,,,,,,,,,,,,,,,,,,,
strip,32,1,,,,,,,,,,,,,,,,,,,,,,,,
pride,1,,,,,,,,,,,,,,,,,,,,,,,,,
pain,1,,,,,,,,,,,,,,,,,,,,,,,,,
crush,1,28,,,,,,,,,,,,,,,,,,,,,,,,
douglas,1,23,,,,,,,,,,,,,,,,,,,,,,,,
bid,1,,,,,,,,,,,,,,,,,,,,,,,,,
royal,1,,,,,,,,,,,,,,,,,,,,,,,,,
robert,1,,,,,,,,,,,,,,,,,,,,,,,,,
bruce,1,,,,,,,,,,,,,,,,,,,,,,,,,
lid,1,,,,,,,,,,,,,,,,,,,,,,,,,
loyalty,1,,,,,,,,,,,,,,,,,,,,,,,,,
command,1,25,,,,,,,,,,,,,,,,,,,,,,,,
spain,1,,,,,,,,,,,,,,,,,,,,,,,,,
war,1,,,,,,,,,,,,,,,,,,,,,,,,,
victory,1,,,,,,,,,,,,,,,,,,,,,,,,,
moor,1,,,,,,,,,,,,,,,,,,,,,,,,,
courage,1,,,,,,,,,,,,,,,,,,,,,,,,,
endure,1,,,,,,,,,,,,,,,,,,,,,,,,,
strike,1,23,,,,,,,,,,,,,,,,,,,,,,,,
intend,1,,,,,,,,,,,,,,,,,,,,,,,,,
charge,1,33,,,,,,,,,,,,,,,,,,,,,,,,
battle,1,44,23,,,,,,,,,,,,,,,,,,,,,,,
foe,1,,,,,,,,,,,,,,,,,,,,,,,,,
sore,1,,,,,,,,,,,,,,,,,,,,,,,,,
beset,1,,,,,,,,,,,,,,,,,,,,,,,,,
fight,1,23,,,,,,,,,,,,,,,,,,,,,,,,
passage,1,,,,,,,,,,,,,,,,,,,,,,,,,
body,24,1,40,,,,,,,,,,,,,,,,,,,,,,,
safe,1,,,,,,,,,,,,,,,,,,,,,,,,,
signal,1,,,,,,,,,,,,,,,,,,,,,,,,,
deed,1,,,,,,,,,,,,,,,,,,,,,,,,,
wear,24,1,,,,,,,,,,,,,,,,,,,,,,,,
chain,24,1,,,,,,,,,,,,,,,,,,,,,,,,
fling,1,,,,,,,,,,,,,,,,,,,,,,,,,
plain,1,,,,,,,,,,,,,,,,,,,,,,,,,
follow,1,,,,,,,,,,,,,,,,,,,,,,,,,
perish,1,,,,,,,,,,,,,,,,,,,,,,,,,
hopeless,1,,,,,,,,,,,,,,,,,,,,,,,,,
redoubt,1,,,,,,,,,,,,,,,,,,,,,,,,,
might,1,,,,,,,,,,,,,,,,,,,,,,,,,
swift,1,28,,,,,,,,,,,,,,,,,,,,,,,,
gleam,1,,,,,,,,,,,,,,,,,,,,,,,,,
angry,1,,,,,,,,,,,,,,,,,,,,,,,,,
brand,1,,,,,,,,,,,,,,,,,,,,,,,,,
scorn,1,42,,,,,,,,,,,,,,,,,,,,,,,,
demand,1,,,,,,,,,,,,,,,,,,,,,,,,,
equal,32,1,,,,,,,,,,,,,,,,,,,,,,,,
pluck,1,,,,,,,,,,,,,,,,,,,,,,,,,
cast,1,,,,,,,,,,,,,,,,,,,,,,,,,
guide,24,1,,,,,,,,,,,,,,,,,,,,,,,,
feather,1,,,,,,,,,,,,,,,,,,,,,,,,,
bed,1,37,,,,,,,,,,,,,,,,,,,,,,,,
sleep,1,33,48,26,31,,,,,,,,,,,,,,,,,,,,,
nigh,1,,,,,,,,,,,,,,,,,,,,,,,,,
draw,32,1,36,,,,,,,,,,,,,,,,,,,,,,,
keenly,1,,,,,,,,,,,,,,,,,,,,,,,,,
epi,1,,,,,,,,,,,,,,,,,,,,,,,,,
knelt,1,,,,,,,,,,,,,,,,,,,,,,,,,
perils,1,,,,,,,,,,,,,,,,,,,,,,,,,
glitter,1,,,,,,,,,,,,,,,,,,,,,,,,,
afraid,48,1,,,,,,,,,,,,,,,,,,,,,,,,
burrow,1,,,,,,,,,,,,,,,,,,,,,,,,,
morrow,1,29,,,,,,,,,,,,,,,,,,,,,,,,
ely,1,28,,,,,,,,,,,,,,,,,,,,,,,,
remember,1,33,35,37,30,,,,,,,,,,,,,,,,,,,,,
recognize,1,,,,,,,,,,,,,,,,,,,,,,,,,
dread,1,,,,,,,,,,,,,,,,,,,,,,,,,
spoil,1,,,,,,,,,,,,,,,,,,,,,,,,,
pan,1,,,,,,,,,,,,,,,,,,,,,,,,,
skin,1,,,,,,,,,,,,,,,,,,,,,,,,,
hair,1,,,,,,,,,,,,,,,,,,,,,,,,,
fill,1,45,33,,,,,,,,,,,,,,,,,,,,,,,
valley,1,,,,,,,,,,,,,,,,,,,,,,,,,
zephyr,1,30,,,,,,,,,,,,,,,,,,,,,,,,
pipe,1,25,,,,,,,,,,,,,,,,,,,,,,,,
height,1,,,,,,,,,,,,,,,,,,,,,,,,,
country,32,1,,,,,,,,,,,,,,,,,,,,,,,,
smoke,1,,,,,,,,,,,,,,,,,,,,,,,,,
roof,1,33,,,,,,,,,,,,,,,,,,,,,,,,
stamp,1,,,,,,,,,,,,,,,,,,,,,,,,,
hoof,1,28,,,,,,,,,,,,,,,,,,,,,,,,
peace,1,,,,,,,,,,,,,,,,,,,,,,,,,
feed,1,,,,,,,,,,,,,,,,,,,,,,,,,
salt,1,,,,,,,,,,,,,,,,,,,,,,,,,
steer,1,,,,,,,,,,,,,,,,,,,,,,,,,
homespun,1,,,,,,,,,,,,,,,,,,,,,,,,,
click,1,,,,,,,,,,,,,,,,,,,,,,,,,
toss,1,50,27,30,,,,,,,,,,,,,,,,,,,,,,
hard,1,49,,,,,,,,,,,,,,,,,,,,,,,,
teach,1,,,,,,,,,,,,,,,,,,,,,,,,,
world,1,39,25,28,31,,,,,,,,,,,,,,,,,,,,,
reach,1,,,,,,,,,,,,,,,,,,,,,,,,,
sylvan,1,,,,,,,,,,,,,,,,,,,,,,,,,
sign,1,,,,,,,,,,,,,,,,,,,,,,,,,
jay,1,,,,,,,,,,,,,,,,,,,,,,,,,
speech,32,1,,,,,,,,,,,,,,,,,,,,,,,,
music,1,,,,,,,,,,,,,,,,,,,,,,,,,
less,1,36,49,50,28,29,31,,,,,,,,,,,,,,,,,,,
power,1,43,,,,,,,,,,,,,,,,,,,,,,,,
stir,1,27,,,,,,,,,,,,,,,,,,,,,,,,
fruit,1,42,29,,,,,,,,,,,,,,,,,,,,,,,
frail,1,,,,,,,,,,,,,,,,,,,,,,,,,
cluster,1,29,,,,,,,,,,,,,,,,,,,,,,,,
aimless,1,,,,,,,,,,,,,,,,,,,,,,,,,
pagan,1,,,,,,,,,,,,,,,,,,,,,,,,,
mirth,1,,,,,,,,,,,,,,,,,,,,,,,,,
term,1,,,,,,,,,,,,,,,,,,,,,,,,,
travel,1,31,,,,,,,,,,,,,,,,,,,,,,,,
joy,1,50,,,,,,,,,,,,,,,,,,,,,,,,
demon,1,26,,,,,,,,,,,,,,,,,,,,,,,,
hunt,1,,,,,,,,,,,,,,,,,,,,,,,,,
fail,1,,,,,,,,,,,,,,,,,,,,,,,,,
heardóal,1,,,,,,,,,,,,,,,,,,,,,,,,,
instead,1,47,,,,,,,,,,,,,,,,,,,,,,,,
mock,1,47,,,,,,,,,,,,,,,,,,,,,,,,
utterly,1,,,,,,,,,,,,,,,,,,,,,,,,,
are,1,,,,,,,,,,,,,,,,,,,,,,,,,
allow,1,,,,,,,,,,,,,,,,,,,,,,,,,
laugh,1,26,49,,,,,,,,,,,,,,,,,,,,,,,
brush,1,,,,,,,,,,,,,,,,,,,,,,,,,
dirt,1,,,,,,,,,,,,,,,,,,,,,,,,,
mean,32,1,50,41,,,,,,,,,,,,,,,,,,,,,,
fool,1,42,,,,,,,,,,,,,,,,,,,,,,,,
catch,1,35,,,,,,,,,,,,,,,,,,,,,,,,
check,1,,,,,,,,,,,,,,,,,,,,,,,,,
pretend,1,,,,,,,,,,,,,,,,,,,,,,,,,
thereof,1,,,,,,,,,,,,,,,,,,,,,,,,,
loss,1,33,,,,,,,,,,,,,,,,,,,,,,,,
marsh,1,,,,,,,,,,,,,,,,,,,,,,,,,
resume,1,,,,,,,,,,,,,,,,,,,,,,,,,
early,40,1,38,,,,,,,,,,,,,,,,,,,,,,,
storm,1,28,,,,,,,,,,,,,,,,,,,,,,,,
cloud,1,50,,,,,,,,,,,,,,,,,,,,,,,,
forlorn,1,,,,,,,,,,,,,,,,,,,,,,,,,
myriads,1,,,,,,,,,,,,,,,,,,,,,,,,,
quart,1,,,,,,,,,,,,,,,,,,,,,,,,,
lift,1,,,,,,,,,,,,,,,,,,,,,,,,,
print,1,34,39,,,,,,,,,,,,,,,,,,,,,,,
roadside,1,,,,,,,,,,,,,,,,,,,,,,,,,
wet,1,28,44,,,,,,,,,,,,,,,,,,,,,,,
expend,1,,,,,,,,,,,,,,,,,,,,,,,,,
themselves,1,45,,,,,,,,,,,,,,,,,,,,,,,,
tear,1,,,,,,,,,,,,,,,,,,,,,,,,,
despair,1,,,,,,,,,,,,,,,,,,,,,,,,,
numberless,1,,,,,,,,,,,,,,,,,,,,,,,,,
although,1,,,,,,,,,,,,,,,,,,,,,,,,,
vasili,1,,,,,,,,,,,,,,,,,,,,,,,,,
gale,1,,,,,,,,,,,,,,,,,,,,,,,,,
org,1,,,,,,,,,,,,,,,,,,,,,,,,,
bruit,1,,,,,,,,,,,,,,,,,,,,,,,,,
shallow,1,,,,,,,,,,,,,,,,,,,,,,,,,
water,1,37,,,,,,,,,,,,,,,,,,,,,,,,
afloat,1,,,,,,,,,,,,,,,,,,,,,,,,,
gown,1,,,,,,,,,,,,,,,,,,,,,,,,,
shod,1,,,,,,,,,,,,,,,,,,,,,,,,,
brooch,1,,,,,,,,,,,,,,,,,,,,,,,,,
breast,1,44,45,,,,,,,,,,,,,,,,,,,,,,,
goldenrod,1,,,,,,,,,,,,,,,,,,,,,,,,,
helm,1,,,,,,,,,,,,,,,,,,,,,,,,,
swell,1,,,,,,,,,,,,,,,,,,,,,,,,,
sea,1,,,,,,,,,,,,,,,,,,,,,,,,,
return,1,46,,,,,,,,,,,,,,,,,,,,,,,,
ancient,1,,,,,,,,,,,,,,,,,,,,,,,,,
shell,1,,,,,,,,,,,,,,,,,,,,,,,,,
fera,1,,,,,,,,,,,,,,,,,,,,,,,,,
again,1,,,,,,,,,,,,,,,,,,,,,,,,,
rout,1,,,,,,,,,,,,,,,,,,,,,,,,,
doctor,1,29,,,,,,,,,,,,,,,,,,,,,,,,
mild,1,29,,,,,,,,,,,,,,,,,,,,,,,,
risen,1,,,,,,,,,,,,,,,,,,,,,,,,,
wast,1,,,,,,,,,,,,,,,,,,,,,,,,,
crow,1,,,,,,,,,,,,,,,,,,,,,,,,,
form,1,,,,,,,,,,,,,,,,,,,,,,,,,
brief,1,,,,,,,,,,,,,,,,,,,,,,,,,
over,1,,,,,,,,,,,,,,,,,,,,,,,,,
begun,1,29,,,,,,,,,,,,,,,,,,,,,,,,
rule,1,,,,,,,,,,,,,,,,,,,,,,,,,
release,1,,,,,,,,,,,,,,,,,,,,,,,,,
retard,1,,,,,,,,,,,,,,,,,,,,,,,,,
gentle,1,30,,,,,,,,,,,,,,,,,,,,,,,,
merchant,1,,,,,,,,,,,,,,,,,,,,,,,,,
amethyst,1,,,,,,,,,,,,,,,,,,,,,,,,,
sake,1,29,,,,,,,,,,,,,,,,,,,,,,,,
already,1,,,,,,,,,,,,,,,,,,,,,,,,,
lost,1,,,,,,,,,,,,,,,,,,,,,,,,,
thine,1,,,,,,,,,,,,,,,,,,,,,,,,,
fond,1,30,,,,,,,,,,,,,,,,,,,,,,,,
taft,1,,,,,,,,,,,,,,,,,,,,,,,,,
assault,1,,,,,,,,,,,,,,,,,,,,,,,,,
fright,1,,,,,,,,,,,,,,,,,,,,,,,,,
thee,1,30,,,,,,,,,,,,,,,,,,,,,,,,
oft,48,1,,,,,,,,,,,,,,,,,,,,,,,,
flee,1,,,,,,,,,,,,,,,,,,,,,,,,,
mourn,1,,,,,,,,,,,,,,,,,,,,,,,,,
shut,1,39,,,,,,,,,,,,,,,,,,,,,,,,
river,1,,,,,,,,,,,,,,,,,,,,,,,,,
forever,1,,,,,,,,,,,,,,,,,,,,,,,,,
since,1,43,,,,,,,,,,,,,,,,,,,,,,,,
glance,1,,,,,,,,,,,,,,,,,,,,,,,,,
dazed,1,,,,,,,,,,,,,,,,,,,,,,,,,
dalliance,1,,,,,,,,,,,,,,,,,,,,,,,,,
precipice,1,,,,,,,,,,,,,,,,,,,,,,,,,
limp,1,,,,,,,,,,,,,,,,,,,,,,,,,
wreath,1,,,,,,,,,,,,,,,,,,,,,,,,,
dance,1,,,,,,,,,,,,,,,,,,,,,,,,,
soft,40,1,,,,,,,,,,,,,,,,,,,,,,,,
regret,1,,,,,,,,,,,,,,,,,,,,,,,,,
thou,1,30,,,,,,,,,,,,,,,,,,,,,,,,
didst,1,,,,,,,,,,,,,,,,,,,,,,,,,
trotter,1,,,,,,,,,,,,,,,,,,,,,,,,,
wander,1,43,,,,,,,,,,,,,,,,,,,,,,,,
high,1,,,,,,,,,,,,,,,,,,,,,,,,,
great,48,1,36,,,,,,,,,,,,,,,,,,,,,,,
careless,1,,,,,,,,,,,,,,,,,,,,,,,,,
clasp,1,,,,,,,,,,,,,,,,,,,,,,,,,
fear,32,1,43,39,,,,,,,,,,,,,,,,,,,,,,
snatch,1,,,,,,,,,,,,,,,,,,,,,,,,,
eager,1,,,,,,,,,,,,,,,,,,,,,,,,,
urgent,1,,,,,,,,,,,,,,,,,,,,,,,,,
conspiracy,1,,,,,,,,,,,,,,,,,,,,,,,,,
rife,1,,,,,,,,,,,,,,,,,,,,,,,,,
languor,1,,,,,,,,,,,,,,,,,,,,,,,,,
surg,1,,,,,,,,,,,,,,,,,,,,,,,,,
dizzy,1,,,,,,,,,,,,,,,,,,,,,,,,,
three,32,1,,,,,,,,,,,,,,,,,,,,,,,,
gem,1,,,,,,,,,,,,,,,,,,,,,,,,,
wand,1,,,,,,,,,,,,,,,,,,,,,,,,,
distraught,1,,,,,,,,,,,,,,,,,,,,,,,,,
sidelong,1,,,,,,,,,,,,,,,,,,,,,,,,,
cheek,1,,,,,,,,,,,,,,,,,,,,,,,,,
reckless,1,50,,,,,,,,,,,,,,,,,,,,,,,,
touch,1,,,,,,,,,,,,,,,,,,,,,,,,,
eat,1,42,,,,,,,,,,,,,,,,,,,,,,,,
went,1,,,,,,,,,,,,,,,,,,,,,,,,,
climb,32,1,43,,,,,,,,,,,,,,,,,,,,,,,
descend,1,,,,,,,,,,,,,,,,,,,,,,,,,
oak,1,,,,,,,,,,,,,,,,,,,,,,,,,
scrape,1,,,,,,,,,,,,,,,,,,,,,,,,,
crust,1,,,,,,,,,,,,,,,,,,,,,,,,,
muddy,1,,,,,,,,,,,,,,,,,,,,,,,,,
longer,1,,,,,,,,,,,,,,,,,,,,,,,,,
hither,1,,,,,,,,,,,,,,,,,,,,,,,,,
thither,1,,,,,,,,,,,,,,,,,,,,,,,,,
witch,1,,,,,,,,,,,,,,,,,,,,,,,,,
hazel,1,,,,,,,,,,,,,,,,,,,,,,,,,
foot,32,1,50,41,,,,,,,,,,,,,,,,,,,,,,
whither,1,,,,,,,,,,,,,,,,,,,,,,,,,
treason,1,,,,,,,,,,,,,,,,,,,,,,,,,
yield,1,,,,,,,,,,,,,,,,,,,,,,,,,
accept,1,31,,,,,,,,,,,,,,,,,,,,,,,,
season,1,,,,,,,,,,,,,,,,,,,,,,,,,
city,32,1,,,,,,,,,,,,,,,,,,,,,,,,
foliage,1,37,,,,,,,,,,,,,,,,,,,,,,,,
drive,1,35,45,,,,,,,,,,,,,,,,,,,,,,,
wait,1,,,,,,,,,,,,,,,,,,,,,,,,,
button,1,,,,,,,,,,,,,,,,,,,,,,,,,
coat,1,43,,,,,,,,,,,,,,,,,,,,,,,,
christmas,32,1,,,,,,,,,,,,,,,,,,,,,,,,
sell,32,1,,,,,,,,,,,,,,,,,,,,,,,,
fir,1,,,,,,,,,,,,,,,,,,,,,,,,,
balsam,1,,,,,,,,,,,,,,,,,,,,,,,,,
church,1,,,,,,,,,,,,,,,,,,,,,,,,,
spire,1,,,,,,,,,,,,,,,,,,,,,,,,,
hadn,1,,,,,,,,,,,,,,,,,,,,,,,,,
tempt,1,,,,,,,,,,,,,,,,,,,,,,,,,
car,1,,,,,,,,,,,,,,,,,,,,,,,,,
ind,32,1,,,,,,,,,,,,,,,,,,,,,,,,
except,1,,,,,,,,,,,,,,,,,,,,,,,,,
refuse,1,,,,,,,,,,,,,,,,,,,,,,,,,
profit,1,,,,,,,,,,,,,,,,,,,,,,,,,
growth,1,,,,,,,,,,,,,,,,,,,,,,,,,
market,1,,,,,,,,,,,,,,,,,,,,,,,,,
all,1,,,,,,,,,,,,,,,,,,,,,,,,,
12,1,,,,,,,,,,,,,,,,,,,,,,,,,
courtesy,1,,,,,,,,,,,,,,,,,,,,,,,,,
short,1,,,,,,,,,,,,,,,,,,,,,,,,,
hope,1,,,,,,,,,,,,,,,,,,,,,,,,,
mine,1,,,,,,,,,,,,,,,,,,,,,,,,,
there,1,34,,,,,,,,,,,,,,,,,,,,,,,,
agent,1,43,,,,,,,,,,,,,,,,,,,,,,,,
î,32,1,35,43,,,,,,,,,,,,,,,,,,,,,,
i,1,35,,,,,,,,,,,,,,,,,,,,,,,,
cut,1,44,49,,,,,,,,,,,,,,,,,,,,,,,
you,1,43,,,,,,,,,,,,,,,,,,,,,,,,
dont,1,35,41,,,,,,,,,,,,,,,,,,,,,,,
expect,1,,,,,,,,,,,,,,,,,,,,,,,,,
ism,1,43,,,,,,,,,,,,,,,,,,,,,,,,
clump,1,33,,,,,,,,,,,,,,,,,,,,,,,,
solitary,1,,,,,,,,,,,,,,,,,,,,,,,,,
latter,1,,,,,,,,,,,,,,,,,,,,,,,,,
nod,1,,,,,,,,,,,,,,,,,,,,,,,,,
eyes,1,,,,,,,,,,,,,,,,,,,,,,,,,
lovely,1,,,,,,,,,,,,,,,,,,,,,,,,,
buyers,1,,,,,,,,,,,,,,,,,,,,,,,,,
modern,1,,,,,,,,,,,,,,,,,,,,,,,,,
that,1,,,,,,,,,,,,,,,,,,,,,,,,,
south,1,,,,,,,,,,,,,,,,,,,,,,,,,
north,1,,,,,,,,,,,,,,,,,,,,,,,,,
a,32,1,33,,,,,,,,,,,,,,,,,,,,,,,
apiece,32,1,,,,,,,,,,,,,,,,,,,,,,,,
soften,1,,,,,,,,,,,,,,,,,,,,,,,,,
thirty,32,1,,,,,,,,,,,,,,,,,,,,,,,,
dollar,32,1,,,,,,,,,,,,,,,,,,,,,,,,
certain,1,,,,,,,,,,,,,,,,,,,,,,,,,
cent,32,1,,,,,,,,,,,,,,,,,,,,,,,,
figure,1,36,,,,,,,,,,,,,,,,,,,,,,,,
13,1,,,,,,,,,,,,,,,,,,,,,,,,,
write,1,,,,,,,,,,,,,,,,,,,,,,,,,
pay,1,,,,,,,,,,,,,,,,,,,,,,,,,
regular,1,,,,,,,,,,,,,,,,,,,,,,,,,
vestry,1,,,,,,,,,,,,,,,,,,,,,,,,,
sunday,1,,,,,,,,,,,,,,,,,,,,,,,,,
school,1,,,,,,,,,,,,,,,,,,,,,,,,,
didn,1,35,47,,,,,,,,,,,,,,,,,,,,,,,
couldn,1,,,,,,,,,,,,,,,,,,,,,,,,,
letter,1,,,,,,,,,,,,,,,,,,,,,,,,,
canst,1,33,,,,,,,,,,,,,,,,,,,,,,,,
send,1,,,,,,,,,,,,,,,,,,,,,,,,,
therewith,1,,,,,,,,,,,,,,,,,,,,,,,,,
merry,1,,,,,,,,,,,,,,,,,,,,,,,,,
darkly,1,,,,,,,,,,,,,,,,,,,,,,,,,
thin,1,,,,,,,,,,,,,,,,,,,,,,,,,
empty,1,,,,,,,,,,,,,,,,,,,,,,,,,
gaze,1,,,,,,,,,,,,,,,,,,,,,,,,,
lamp,1,46,,,,,,,,,,,,,,,,,,,,,,,,
tilt,1,,,,,,,,,,,,,,,,,,,,,,,,,
creak,1,,,,,,,,,,,,,,,,,,,,,,,,,
barrel,1,,,,,,,,,,,,,,,,,,,,,,,,,
familiar,1,,,,,,,,,,,,,,,,,,,,,,,,,
roar,1,,,,,,,,,,,,,,,,,,,,,,,,,
crack,1,,,,,,,,,,,,,,,,,,,,,,,,,
branch,1,,,,,,,,,,,,,,,,,,,,,,,,,
common,1,,,,,,,,,,,,,,,,,,,,,,,,,
beat,1,43,49,,,,,,,,,,,,,,,,,,,,,,,
box,1,,,,,,,,,,,,,,,,,,,,,,,,,
quiet,1,,,,,,,,,,,,,,,,,,,,,,,,,
consigne,1,,,,,,,,,,,,,,,,,,,,,,,,,
better,1,,,,,,,,,,,,,,,,,,,,,,,,,
ici,1,,,,,,,,,,,,,,,,,,,,,,,,,
log,1,,,,,,,,,,,,,,,,,,,,,,,,,
shift,1,33,,,,,,,,,,,,,,,,,,,,,,,,
jolt,1,,,,,,,,,,,,,,,,,,,,,,,,,
farm,1,,,,,,,,,,,,,,,,,,,,,,,,,
countryside,1,,,,,,,,,,,,,,,,,,,,,,,,,
it,1,,,,,,,,,,,,,,,,,,,,,,,,,
patch,1,,,,,,,,,,,,,,,,,,,,,,,,,
corner,1,,,,,,,,,,,,,,,,,,,,,,,,,
guess,1,,,,,,,,,,,,,,,,,,,,,,,,,
paper,1,37,,,,,,,,,,,,,,,,,,,,,,,,
speck,1,,,,,,,,,,,,,,,,,,,,,,,,,
grime,1,,,,,,,,,,,,,,,,,,,,,,,,,
overspread,1,,,,,,,,,,,,,,,,,,,,,,,,,
news,1,43,,,,,,,,,,,,,,,,,,,,,,,,
iv,1,,,,,,,,,,,,,,,,,,,,,,,,,
when,1,,,,,,,,,,,,,,,,,,,,,,,,,
have,1,,,,,,,,,,,,,,,,,,,,,,,,,
stalk,1,44,,,,,,,,,,,,,,,,,,,,,,,,
aloud,1,,,,,,,,,,,,,,,,,,,,,,,,,
gate,1,42,,,,,,,,,,,,,,,,,,,,,,,,
mingle,40,1,,,,,,,,,,,,,,,,,,,,,,,,
footprints,1,,,,,,,,,,,,,,,,,,,,,,,,,
paradol,1,,,,,,,,,,,,,,,,,,,,,,,,,
deep,1,,,,,,,,,,,,,,,,,,,,,,,,,
smile,1,47,,,,,,,,,,,,,,,,,,,,,,,,
prejudice,1,,,,,,,,,,,,,,,,,,,,,,,,,
afterward,1,,,,,,,,,,,,,,,,,,,,,,,,,
past,1,49,38,39,,,,,,,,,,,,,,,,,,,,,,
pas,1,,,,,,,,,,,,,,,,,,,,,,,,,
june,1,,,,,,,,,,,,,,,,,,,,,,,,,
rope,1,,,,,,,,,,,,,,,,,,,,,,,,,
underground,1,,,,,,,,,,,,,,,,,,,,,,,,,
breed,1,,,,,,,,,,,,,,,,,,,,,,,,,
month,1,,,,,,,,,,,,,,,,,,,,,,,,,
sleigh,1,,,,,,,,,,,,,,,,,,,,,,,,,
bell,1,,,,,,,,,,,,,,,,,,,,,,,,,
flourish,1,,,,,,,,,,,,,,,,,,,,,,,,,
bend,1,,,,,,,,,,,,,,,,,,,,,,,,,
sheet,1,,,,,,,,,,,,,,,,,,,,,,,,,
together,1,49,,,,,,,,,,,,,,,,,,,,,,,,
otherwher,1,,,,,,,,,,,,,,,,,,,,,,,,,
everyone,1,,,,,,,,,,,,,,,,,,,,,,,,,
solid,1,,,,,,,,,,,,,,,,,,,,,,,,,
trunk,1,,,,,,,,,,,,,,,,,,,,,,,,,
ten,1,,,,,,,,,,,,,,,,,,,,,,,,,
petal,40,1,,,,,,,,,,,,,,,,,,,,,,,,
pear,1,,,,,,,,,,,,,,,,,,,,,,,,,
cherry,1,,,,,,,,,,,,,,,,,,,,,,,,,
shower,1,,,,,,,,,,,,,,,,,,,,,,,,,
sunny,1,,,,,,,,,,,,,,,,,,,,,,,,,
overcast,1,,,,,,,,,,,,,,,,,,,,,,,,,
cease,1,,,,,,,,,,,,,,,,,,,,,,,,,
frame,1,,,,,,,,,,,,,,,,,,,,,,,,,
diminish,1,,,,,,,,,,,,,,,,,,,,,,,,,
cling,1,,,,,,,,,,,,,,,,,,,,,,,,,
pair,1,,,,,,,,,,,,,,,,,,,,,,,,,
turf,1,,,,,,,,,,,,,,,,,,,,,,,,,
strain,1,44,,,,,,,,,,,,,,,,,,,,,,,,
embrace,1,,,,,,,,,,,,,,,,,,,,,,,,,
ankle,1,,,,,,,,,,,,,,,,,,,,,,,,,
free,1,,,,,,,,,,,,,,,,,,,,,,,,,
interstellar,1,,,,,,,,,,,,,,,,,,,,,,,,,
siriusí,1,,,,,,,,,,,,,,,,,,,,,,,,,
disc,1,,,,,,,,,,,,,,,,,,,,,,,,,
retract,1,,,,,,,,,,,,,,,,,,,,,,,,,
plume,1,,,,,,,,,,,,,,,,,,,,,,,,,
thrill,1,,,,,,,,,,,,,,,,,,,,,,,,,
possess,1,,,,,,,,,,,,,,,,,,,,,,,,,
fare,1,,,,,,,,,,,,,,,,,,,,,,,,,
fuse,1,,,,,,,,,,,,,,,,,,,,,,,,,
fetch,1,,,,,,,,,,,,,,,,,,,,,,,,,
supper,1,,,,,,,,,,,,,,,,,,,,,,,,,
table,1,,,,,,,,,,,,,,,,,,,,,,,,,
apply,1,,,,,,,,,,,,,,,,,,,,,,,,,
bean,1,,,,,,,,,,,,,,,,,,,,,,,,,
wrinkle,1,,,,,,,,,,,,,,,,,,,,,,,,,
pea,1,,,,,,,,,,,,,,,,,,,,,,,,,
become,1,,,,,,,,,,,,,,,,,,,,,,,,,
slave,1,,,,,,,,,,,,,,,,,,,,,,,,,
springtime,1,,,,,,,,,,,,,,,,,,,,,,,,,
passion,1,,,,,,,,,,,,,,,,,,,,,,,,,
put,1,,,,,,,,,,,,,,,,,,,,,,,,,
seed,40,1,,,,,,,,,,,,,,,,,,,,,,,,
watch,1,50,47,,,,,,,,,,,,,,,,,,,,,,,
soil,1,,,,,,,,,,,,,,,,,,,,,,,,,
varnish,1,,,,,,,,,,,,,,,,,,,,,,,,,
sturdy,1,,,,,,,,,,,,,,,,,,,,,,,,,
arch,1,,,,,,,,,,,,,,,,,,,,,,,,,
shoulder,1,50,43,,,,,,,,,,,,,,,,,,,,,,,
shed,1,,,,,,,,,,,,,,,,,,,,,,,,,
club,1,,,,,,,,,,,,,,,,,,,,,,,,,
for,1,,,,,,,,,,,,,,,,,,,,,,,,,
haven,1,,,,,,,,,,,,,,,,,,,,,,,,,
ho,1,,,,,,,,,,,,,,,,,,,,,,,,,
mellow,1,,,,,,,,,,,,,,,,,,,,,,,,,
five,1,,,,,,,,,,,,,,,,,,,,,,,,,
plot,1,,,,,,,,,,,,,,,,,,,,,,,,,
friendly,1,,,,,,,,,,,,,,,,,,,,,,,,,
visit,1,44,,,,,,,,,,,,,,,,,,,,,,,,
cow,1,,,,,,,,,,,,,,,,,,,,,,,,,
builder,1,,,,,,,,,,,,,,,,,,,,,,,,,
fleck,1,,,,,,,,,,,,,,,,,,,,,,,,,
woman,1,,,,,,,,,,,,,,,,,,,,,,,,,
droop,1,,,,,,,,,,,,,,,,,,,,,,,,,
cider,1,,,,,,,,,,,,,,,,,,,,,,,,,
syrupy,1,,,,,,,,,,,,,,,,,,,,,,,,,
root,1,,,,,,,,,,,,,,,,,,,,,,,,,
sweeter,1,,,,,,,,,,,,,,,,,,,,,,,,,
windfall,1,,,,,,,,,,,,,,,,,,,,,,,,,
worm,1,,,,,,,,,,,,,,,,,,,,,,,,,
bite,1,,,,,,,,,,,,,,,,,,,,,,,,,
fellow,1,,,,,,,,,,,,,,,,,,,,,,,,,
knoll,1,,,,,,,,,,,,,,,,,,,,,,,,,
udder,1,,,,,,,,,,,,,,,,,,,,,,,,,
shrivels,1,,,,,,,,,,,,,,,,,,,,,,,,,
milk,1,,,,,,,,,,,,,,,,,,,,,,,,,
bleeder,1,,,,,,,,,,,,,,,,,,,,,,,,,
haze,1,,,,,,,,,,,,,,,,,,,,,,,,,
union,1,,,,,,,,,,,,,,,,,,,,,,,,,
swamp,1,,,,,,,,,,,,,,,,,,,,,,,,,
cedar,1,43,,,,,,,,,,,,,,,,,,,,,,,,
choke,1,,,,,,,,,,,,,,,,,,,,,,,,,
oil,1,,,,,,,,,,,,,,,,,,,,,,,,,
scurf,1,,,,,,,,,,,,,,,,,,,,,,,,,
sorry,1,,,,,,,,,,,,,,,,,,,,,,,,,
hook,1,,,,,,,,,,,,,,,,,,,,,,,,,
seat,1,,,,,,,,,,,,,,,,,,,,,,,,,
recurrent,1,,,,,,,,,,,,,,,,,,,,,,,,,
darkness,1,,,,,,,,,,,,,,,,,,,,,,,,,
halt,1,,,,,,,,,,,,,,,,,,,,,,,,,
tread,1,,,,,,,,,,,,,,,,,,,,,,,,,
post,1,,,,,,,,,,,,,,,,,,,,,,,,,
drag,1,,,,,,,,,,,,,,,,,,,,,,,,,
strand,1,,,,,,,,,,,,,,,,,,,,,,,,,
wire,1,,,,,,,,,,,,,,,,,,,,,,,,,
where,1,,,,,,,,,,,,,,,,,,,,,,,,,
nowadays,1,,,,,,,,,,,,,,,,,,,,,,,,,
your,1,,,,,,,,,,,,,,,,,,,,,,,,,
montreal,1,,,,,,,,,,,,,,,,,,,,,,,,,
anywhere,1,,,,,,,,,,,,,,,,,,,,,,,,,
arched,1,,,,,,,,,,,,,,,,,,,,,,,,,
calypso,1,,,,,,,,,,,,,,,,,,,,,,,,,
rent,1,,,,,,,,,,,,,,,,,,,,,,,,,
cobwebs,1,,,,,,,,,,,,,,,,,,,,,,,,,
diamond,1,,,,,,,,,,,,,,,,,,,,,,,,,
nest,1,45,,,,,,,,,,,,,,,,,,,,,,,,
stain,1,,,,,,,,,,,,,,,,,,,,,,,,,
human,1,,,,,,,,,,,,,,,,,,,,,,,,,
stricken,1,,,,,,,,,,,,,,,,,,,,,,,,,
hung,1,,,,,,,,,,,,,,,,,,,,,,,,,
butterfly,1,,,,,,,,,,,,,,,,,,,,,,,,,
dispossess,1,,,,,,,,,,,,,,,,,,,,,,,,,
stoop,1,,,,,,,,,,,,,,,,,,,,,,,,,
clung,1,,,,,,,,,,,,,,,,,,,,,,,,,
upland,1,,,,,,,,,,,,,,,,,,,,,,,,,
spread,1,,,,,,,,,,,,,,,,,,,,,,,,,
overnight,1,,,,,,,,,,,,,,,,,,,,,,,,,
twist,1,,,,,,,,,,,,,,,,,,,,,,,,,
mallein,1,,,,,,,,,,,,,,,,,,,,,,,,,
thread,1,49,,,,,,,,,,,,,,,,,,,,,,,,
sudden,1,,,,,,,,,,,,,,,,,,,,,,,,,
bullet,1,,,,,,,,,,,,,,,,,,,,,,,,,
indeed,1,,,,,,,,,,,,,,,,,,,,,,,,,
spider,1,,,,,,,,,,,,,,,,,,,,,,,,,
sullenly,1,,,,,,,,,,,,,,,,,,,,,,,,,
ought,1,,,,,,,,,,,,,,,,,,,,,,,,,
bye,1,,,,,,,,,,,,,,,,,,,,,,,,,
build,1,,,,,,,,,,,,,,,,,,,,,,,,,
sunlight,1,,,,,,,,,,,,,,,,,,,,,,,,,
lock,1,,,,,,,,,,,,,,,,,,,,,,,,,
key,1,,,,,,,,,,,,,,,,,,,,,,,,,
chance,1,,,,,,,,,,,,,,,,,,,,,,,,,
warn,1,,,,,,,,,,,,,,,,,,,,,,,,,
prefer,1,,,,,,,,,,,,,,,,,,,,,,,,,
inside,48,1,,,,,,,,,,,,,,,,,,,,,,,,
wretch,1,,,,,,,,,,,,,,,,,,,,,,,,,
seize,1,47,,,,,,,,,,,,,,,,,,,,,,,,
plea,1,,,,,,,,,,,,,,,,,,,,,,,,,
vision,1,,,,,,,,,,,,,,,,,,,,,,,,,
get,1,50,,,,,,,,,,,,,,,,,,,,,,,,
pine,1,,,,,,,,,,,,,,,,,,,,,,,,,
latch,1,,,,,,,,,,,,,,,,,,,,,,,,,
ineffectual,1,,,,,,,,,,,,,,,,,,,,,,,,,
futile,1,,,,,,,,,,,,,,,,,,,,,,,,,
mystery,1,,,,,,,,,,,,,,,,,,,,,,,,,
39,1,,,,,,,,,,,,,,,,,,,,,,,,,
repeat,1,,,,,,,,,,,,,,,,,,,,,,,,,
gang,1,,,,,,,,,,,,,,,,,,,,,,,,,
pioneer,1,,,,,,,,,,,,,,,,,,,,,,,,,
throw,1,,,,,,,,,,,,,,,,,,,,,,,,,
broken,1,,,,,,,,,,,,,,,,,,,,,,,,,
string,1,,,,,,,,,,,,,,,,,,,,,,,,,
sir,1,49,,,,,,,,,,,,,,,,,,,,,,,,
wherein,1,,,,,,,,,,,,,,,,,,,,,,,,,
pull,1,,,,,,,,,,,,,,,,,,,,,,,,,
taut,1,,,,,,,,,,,,,,,,,,,,,,,,,
fast,1,,,,,,,,,,,,,,,,,,,,,,,,,
was,1,,,,,,,,,,,,,,,,,,,,,,,,,
oath,1,,,,,,,,,,,,,,,,,,,,,,,,,
town,1,,,,,,,,,,,,,,,,,,,,,,,,,
telephone,1,,,,,,,,,,,,,,,,,,,,,,,,,
telegraph,1,,,,,,,,,,,,,,,,,,,,,,,,,
noise,1,50,,,,,,,,,,,,,,,,,,,,,,,,
suffer,1,,,,,,,,,,,,,,,,,,,,,,,,,
pace,1,,,,,,,,,,,,,,,,,,,,,,,,,
fixity,1,,,,,,,,,,,,,,,,,,,,,,,,,
acquire,1,,,,,,,,,,,,,,,,,,,,,,,,,
tug,1,,,,,,,,,,,,,,,,,,,,,,,,,
sway,1,50,,,,,,,,,,,,,,,,,,,,,,,,
somewhere,1,,,,,,,,,,,,,,,,,,,,,,,,,